?,.,0,0,4,0.22314355131420976
-,¿,0,0,1,1.6094379124341003
á,r,1,0,1,1.6094379124341003
t,’,0,0,1,1.6094379124341003
e,u,0,0,5,0.0
(,i,1,0,2,0.9162907318741551
i,b,0,1,1,1.6094379124341003
i,_,0,0,3,0.5108256237659907
o,.,0,1,5,0.0
g,!,0,1,1,1.6094379124341003
e,t,1,1,3,0.5108256237659907
a,x,0,1,1,1.6094379124341003
k,r,1,0,1,1.6094379124341003
1,6,0,1,1,1.6094379124341003
r,k,0,0,2,0.9162907318741551
û,r,0,1,1,1.6094379124341003
3,nothing,1,1,3,0.5108256237659907
=,r,1,0,1,1.6094379124341003
“,y,1,0,1,1.6094379124341003
f,e,1,1,1,1.6094379124341003
é,m,0,0,3,0.5108256237659907
j,',1,0,1,1.6094379124341003
_,b,1,0,4,0.22314355131420976
_,.,0,0,4,0.22314355131420976
6,4,1,1,1,1.6094379124341003
é,o,0,1,1,1.6094379124341003
ê,m,0,0,2,0.9162907318741551
i,ù,0,0,1,1.6094379124341003
¡,b,0,0,1,1.6094379124341003
á,v,0,0,1,1.6094379124341003
â,l,0,0,1,1.6094379124341003
é,h,0,0,1,1.6094379124341003
j,ó,0,1,1,1.6094379124341003
s,n,0,0,4,0.22314355131420976
u,»,0,0,2,0.9162907318741551
t,»,0,0,1,1.6094379124341003
e,l,1,0,5,0.0
ã,o,0,1,1,1.6094379124341003
v,i,1,1,5,0.0
h,é,0,0,3,0.5108256237659907
n,î,0,0,1,1.6094379124341003
n,»,0,0,2,0.9162907318741551
e,',0,1,1,1.6094379124341003
¡,p,0,0,1,1.6094379124341003
t,e,0,0,5,0.0
s,s,0,0,4,0.22314355131420976
k,?,0,1,1,1.6094379124341003
o,e,0,0,4,0.22314355131420976
7,0,0,1,1,1.6094379124341003
d,ì,0,0,1,1.6094379124341003
k,a,0,0,2,0.9162907318741551
a,y,0,1,4,0.22314355131420976
b,u,0,0,5,0.0
n,],0,1,1,1.6094379124341003
ê,v,0,0,1,1.6094379124341003
è,nothing,1,1,1,1.6094379124341003
r,m,0,1,1,1.6094379124341003
v,ô,1,0,2,0.9162907318741551
o,q,1,0,1,1.6094379124341003
j,á,0,0,2,0.9162907318741551
u,i,0,0,5,0.0
u,v,0,0,5,0.0
t,ú,1,0,1,1.6094379124341003
b,e,0,1,5,0.0
»,?,0,1,3,0.5108256237659907
ó,c,0,0,2,0.9162907318741551
_,w,1,0,3,0.5108256237659907
m,»,0,0,1,1.6094379124341003
t,?,0,1,3,0.5108256237659907
-,à,0,0,1,1.6094379124341003
e,b,1,0,2,0.9162907318741551
_,h,1,0,4,0.22314355131420976
s,!,0,0,4,0.22314355131420976
d,õ,0,0,1,1.6094379124341003
v,i,1,0,5,0.0
«,w,1,0,1,1.6094379124341003
y,n,0,0,2,0.9162907318741551
ú,.,0,0,2,0.9162907318741551
k,.,0,0,1,1.6094379124341003
!,;,0,1,1,1.6094379124341003
í,l,0,0,1,1.6094379124341003
á,e,0,0,1,1.6094379124341003
n,p,0,0,1,1.6094379124341003
&,nothing,1,1,1,1.6094379124341003
9,4,1,1,1,1.6094379124341003
ò,",",0,1,1,1.6094379124341003
p,ú,1,0,1,1.6094379124341003
¡,f,0,0,1,1.6094379124341003
n,c,0,0,5,0.0
e,l,0,1,5,0.0
u,ó,0,1,1,1.6094379124341003
u,ê,0,0,1,1.6094379124341003
e,-,0,0,4,0.22314355131420976
j,é,0,0,1,1.6094379124341003
',_,0,0,2,0.9162907318741551
"""",i,1,0,1,1.6094379124341003
r,!,0,1,5,0.0
m,û,1,0,1,1.6094379124341003
ñ,e,0,0,1,1.6094379124341003
r,k,0,1,1,1.6094379124341003
«,n,0,0,1,1.6094379124341003
t,ê,1,0,2,0.9162907318741551
u,_,0,0,4,0.22314355131420976
ü,nothing,1,1,1,1.6094379124341003
s,ã,0,0,1,1.6094379124341003
ç,u,0,0,2,0.9162907318741551
¿,n,1,0,1,1.6094379124341003
e,i,1,0,2,0.9162907318741551
é,t,1,0,2,0.9162907318741551
c,h,1,0,5,0.0
a,c,0,1,4,0.22314355131420976
b,â,0,0,1,1.6094379124341003
v,a,1,0,5,0.0
i,),0,0,1,1.6094379124341003
u,a,0,1,4,0.22314355131420976
b,n,0,0,2,0.9162907318741551
d,í,0,1,1,1.6094379124341003
b,.,0,0,1,1.6094379124341003
f,ú,1,0,1,1.6094379124341003
e,x,0,0,4,0.22314355131420976
e,",",0,0,3,0.5108256237659907
á,:,0,1,2,0.9162907318741551
s,o,1,0,5,0.0
l,n,0,0,3,0.5108256237659907
1,",",1,1,1,1.6094379124341003
ó,;,0,0,1,1.6094379124341003
e,;,0,1,5,0.0
t,s,1,0,1,1.6094379124341003
—,i,0,1,1,1.6094379124341003
k,’,0,1,1,1.6094379124341003
ã,o,0,0,1,1.6094379124341003
n,e,0,0,5,0.0
h,—,0,0,1,1.6094379124341003
y,ó,0,1,1,1.6094379124341003
i,v,0,0,5,0.0
w,l,0,1,1,1.6094379124341003
ù,!,0,0,1,1.6094379124341003
d,è,1,0,1,1.6094379124341003
í,q,0,0,1,1.6094379124341003
r,à,0,1,1,1.6094379124341003
ê,a,0,0,1,1.6094379124341003
c,á,1,1,1,1.6094379124341003
7,1,0,1,1,1.6094379124341003
d,_,0,0,3,0.5108256237659907
z,;,1,1,1,1.6094379124341003
m,ò,1,0,1,1.6094379124341003
a,d,1,0,5,0.0
p,i,1,0,5,0.0
u,y,0,0,4,0.22314355131420976
v,o,0,0,5,0.0
f,a,0,0,5,0.0
z,?,0,0,1,1.6094379124341003
”,’,0,1,1,1.6094379124341003
9,.,1,1,1,1.6094379124341003
n,o,1,1,4,0.22314355131420976
n,ò,0,1,1,1.6094379124341003
(,b,1,0,1,1.6094379124341003
l,s,0,0,5,0.0
ù,;,0,1,1,1.6094379124341003
i,i,1,1,4,0.22314355131420976
l,õ,0,0,1,1.6094379124341003
h,i,1,0,5,0.0
ï,r,0,1,1,1.6094379124341003
n,h,1,0,1,1.6094379124341003
k,:,0,1,1,1.6094379124341003
n,g,0,0,5,0.0
o,p,0,1,2,0.9162907318741551
’,",",0,0,1,1.6094379124341003
’,b,1,0,1,1.6094379124341003
«,g,1,0,3,0.5108256237659907
a,u,0,0,5,0.0
e,o,0,1,3,0.5108256237659907
a,»,0,0,3,0.5108256237659907
k,n,1,0,1,1.6094379124341003
i,’,0,0,1,1.6094379124341003
",",’,0,1,1,1.6094379124341003
ì,»,0,1,1,1.6094379124341003
4,0,1,0,1,1.6094379124341003
r,è,0,1,1,1.6094379124341003
h,e,1,0,5,0.0
x,v,1,1,2,0.9162907318741551
r,),0,1,1,1.6094379124341003
p,t,0,1,2,0.9162907318741551
t,-,0,0,5,0.0
e,ç,0,0,2,0.9162907318741551
¿,q,1,0,1,1.6094379124341003
v,ê,0,0,1,1.6094379124341003
c,e,0,1,5,0.0
y,u,0,0,1,1.6094379124341003
-,y,0,1,1,1.6094379124341003
_,y,0,0,1,1.6094379124341003
l,k,0,0,3,0.5108256237659907
h,f,0,0,1,1.6094379124341003
e,’,0,0,1,1.6094379124341003
â,m,1,0,1,1.6094379124341003
é,e,0,0,3,0.5108256237659907
y,e,0,1,3,0.5108256237659907
t,ô,0,1,1,1.6094379124341003
ó,t,0,0,2,0.9162907318741551
e,g,1,0,4,0.22314355131420976
r,?,0,0,5,0.0
g,t,0,1,1,1.6094379124341003
x,u,0,0,3,0.5108256237659907
ê,l,0,0,2,0.9162907318741551
g,!,0,0,2,0.9162907318741551
a,ï,0,0,1,1.6094379124341003
d,é,1,1,1,1.6094379124341003
e,i,0,1,2,0.9162907318741551
ó,!,0,1,1,1.6094379124341003
à,!,0,0,1,1.6094379124341003
»,!,0,1,2,0.9162907318741551
u,t,1,0,5,0.0
[,p,1,0,1,1.6094379124341003
”,?,0,0,1,1.6094379124341003
o,i,0,1,3,0.5108256237659907
ù,.,0,1,1,1.6094379124341003
_,o,0,0,2,0.9162907318741551
c,í,0,1,1,1.6094379124341003
n,c,0,1,1,1.6094379124341003
f,è,0,1,1,1.6094379124341003
m,y,0,1,1,1.6094379124341003
n,á,1,1,1,1.6094379124341003
i,f,1,1,1,1.6094379124341003
p,s,0,1,2,0.9162907318741551
n,?,0,0,3,0.5108256237659907
î,c,0,0,1,1.6094379124341003
w,o,1,0,1,1.6094379124341003
z,i,0,1,2,0.9162907318741551
w,e,0,0,3,0.5108256237659907
¡,c,1,0,1,1.6094379124341003
o,r,0,1,5,0.0
m,ò,0,1,1,1.6094379124341003
á,o,0,0,1,1.6094379124341003
0,3,0,1,1,1.6094379124341003
s,í,0,0,1,1.6094379124341003
v,ã,0,0,1,1.6094379124341003
r,á,0,0,2,0.9162907318741551
ú,o,0,0,1,1.6094379124341003
é,s,0,1,3,0.5108256237659907
s,y,1,0,3,0.5108256237659907
à,-,0,0,1,1.6094379124341003
r,e,1,0,5,0.0
6,9,1,1,1,1.6094379124341003
s,’,0,1,1,1.6094379124341003
e,s,0,1,5,0.0
e,x,1,0,4,0.22314355131420976
¡,a,1,0,1,1.6094379124341003
e,»,0,1,2,0.9162907318741551
ê,-,0,0,1,1.6094379124341003
â,o,0,0,1,1.6094379124341003
o,s,0,0,5,0.0
e,ñ,0,0,1,1.6094379124341003
z,b,0,0,1,1.6094379124341003
o,u,0,0,5,0.0
l,o,1,1,2,0.9162907318741551
o,v,1,0,5,0.0
(,‘,1,0,1,1.6094379124341003
z,á,0,0,2,0.9162907318741551
y,",",0,0,1,1.6094379124341003
t,ù,0,1,1,1.6094379124341003
p,ç,0,0,2,0.9162907318741551
e,e,0,0,4,0.22314355131420976
s,p,0,1,1,1.6094379124341003
!,”,0,1,1,1.6094379124341003
ò,m,0,0,1,1.6094379124341003
z,ò,0,1,1,1.6094379124341003
',r,0,0,1,1.6094379124341003
u,",",0,1,5,0.0
s,ò,0,1,1,1.6094379124341003
l,i,1,0,5,0.0
ó,f,0,0,1,1.6094379124341003
q,!,0,1,1,1.6094379124341003
e,),0,0,1,1.6094379124341003
o,d,1,1,1,1.6094379124341003
l,ö,0,0,1,1.6094379124341003
m,ê,0,0,1,1.6094379124341003
b,ê,1,0,2,0.9162907318741551
«,e,0,0,1,1.6094379124341003
¿,t,1,0,1,1.6094379124341003
f,o,1,0,5,0.0
6,1,0,1,1,1.6094379124341003
m,ò,0,0,1,1.6094379124341003
',a,0,0,3,0.5108256237659907
w,d,0,1,1,1.6094379124341003
k,r,0,0,1,1.6094379124341003
d,l,0,0,2,0.9162907318741551
r,è,0,0,2,0.9162907318741551
c,nothing,1,1,1,1.6094379124341003
p,!,0,1,2,0.9162907318741551
¡,q,0,0,1,1.6094379124341003
_,e,1,0,4,0.22314355131420976
-,i,0,0,4,0.22314355131420976
i,j,0,0,3,0.5108256237659907
è,c,0,0,1,1.6094379124341003
r,',0,0,3,0.5108256237659907
x,a,1,0,1,1.6094379124341003
m,i,0,1,3,0.5108256237659907
‘,—,1,0,1,1.6094379124341003
u,m,1,1,1,1.6094379124341003
¿,y,1,1,1,1.6094379124341003
e,c,1,0,4,0.22314355131420976
s,i,0,1,4,0.22314355131420976
s,;,0,1,4,0.22314355131420976
ú,r,0,0,1,1.6094379124341003
e,p,0,1,1,1.6094379124341003
',e,0,1,1,1.6094379124341003
-,v,0,0,4,0.22314355131420976
c,ê,0,1,1,1.6094379124341003
-,.,0,1,1,1.6094379124341003
_,),0,1,1,1.6094379124341003
ú,?,0,0,1,1.6094379124341003
ü,e,0,1,1,1.6094379124341003
t,",",0,0,1,1.6094379124341003
e,z,0,0,5,0.0
u,c,0,0,5,0.0
x,e,0,1,2,0.9162907318741551
s,l,1,0,2,0.9162907318741551
1,9,0,1,2,0.9162907318741551
l,',1,0,3,0.5108256237659907
n,?,0,1,4,0.22314355131420976
é,_,0,1,1,1.6094379124341003
9,1,0,0,2,0.9162907318741551
á,g,1,0,1,1.6094379124341003
”,—,0,0,1,1.6094379124341003
â,t,0,0,2,0.9162907318741551
g,ó,1,0,2,0.9162907318741551
u,r,1,0,4,0.22314355131420976
p,á,0,0,1,1.6094379124341003
à,n,0,0,1,1.6094379124341003
d,y,1,0,2,0.9162907318741551
u,p,1,1,1,1.6094379124341003
m,),0,0,1,1.6094379124341003
l,é,0,1,3,0.5108256237659907
i,?,1,1,1,1.6094379124341003
»,;,0,1,3,0.5108256237659907
y,e,0,0,5,0.0
l,à,1,0,2,0.9162907318741551
g,ò,0,1,1,1.6094379124341003
¡,y,1,1,1,1.6094379124341003
ê,r,0,0,1,1.6094379124341003
o,e,0,1,3,0.5108256237659907
l,ô,0,0,2,0.9162907318741551
«,e,1,0,4,0.22314355131420976
k,—,0,0,1,1.6094379124341003
è,q,0,0,3,0.5108256237659907
n,’,0,0,1,1.6094379124341003
m,í,0,1,1,1.6094379124341003
o,.,1,0,1,1.6094379124341003
‘,i,1,1,1,1.6094379124341003
d,á,1,1,1,1.6094379124341003
â,c,0,0,2,0.9162907318741551
z,e,1,0,4,0.22314355131420976
d,ô,0,0,1,1.6094379124341003
5,nothing,1,1,2,0.9162907318741551
v,u,1,0,5,0.0
l,â,1,0,1,1.6094379124341003
y,-,0,0,3,0.5108256237659907
i,n,1,1,3,0.5108256237659907
5,0,1,1,1,1.6094379124341003
í,n,0,1,1,1.6094379124341003
e,z,0,1,3,0.5108256237659907
g,?,0,0,2,0.9162907318741551
f,í,1,0,1,1.6094379124341003
ñ,ó,0,0,1,1.6094379124341003
u,ì,0,0,1,1.6094379124341003
h,ê,0,0,1,1.6094379124341003
s,_,0,1,4,0.22314355131420976
i,a,0,0,5,0.0
.,m,0,0,1,1.6094379124341003
s,b,1,0,1,1.6094379124341003
.,0,0,0,2,0.9162907318741551
x,.,0,1,4,0.22314355131420976
y,o,1,0,3,0.5108256237659907
w,k,0,1,1,1.6094379124341003
5,",",0,1,3,0.5108256237659907
i,d,1,0,5,0.0
ô,b,0,0,1,1.6094379124341003
x,-,0,0,2,0.9162907318741551
(,l,1,0,2,0.9162907318741551
p,y,0,1,2,0.9162907318741551
u,n,1,0,5,0.0
a,s,0,0,5,0.0
j,e,0,1,4,0.22314355131420976
í,z,0,0,1,1.6094379124341003
d,ê,0,1,1,1.6094379124341003
i,m,0,0,5,0.0
a,b,0,1,2,0.9162907318741551
s,b,0,0,4,0.22314355131420976
s,:,0,0,2,0.9162907318741551
b,l,1,0,5,0.0
r,ó,0,1,1,1.6094379124341003
f,f,0,1,1,1.6094379124341003
g,e,1,0,5,0.0
n,ó,0,1,1,1.6094379124341003
a,:,0,1,5,0.0
a,h,0,1,4,0.22314355131420976
_,»,0,0,2,0.9162907318741551
i,z,0,1,2,0.9162907318741551
e,k,0,0,2,0.9162907318741551
i,a,1,1,1,1.6094379124341003
o,d,0,0,5,0.0
y,?,0,0,2,0.9162907318741551
y,ó,0,0,1,1.6094379124341003
(,o,1,0,3,0.5108256237659907
d,á,0,1,1,1.6094379124341003
“,m,1,0,1,1.6094379124341003
w,f,0,0,1,1.6094379124341003
c,k,0,0,3,0.5108256237659907
¿,m,0,0,1,1.6094379124341003
u,p,0,1,2,0.9162907318741551
p,',1,0,1,1.6094379124341003
l,e,0,1,5,0.0
“,i,0,1,1,1.6094379124341003
¿,q,0,0,1,1.6094379124341003
8,4,0,0,1,1.6094379124341003
m,a,1,1,2,0.9162907318741551
c,ô,0,0,1,1.6094379124341003
‘,d,1,0,1,1.6094379124341003
n,ô,1,0,1,1.6094379124341003
e,j,1,0,2,0.9162907318741551
t,u,0,1,3,0.5108256237659907
m,n,0,0,5,0.0
’,c,0,0,1,1.6094379124341003
í,d,1,0,1,1.6094379124341003
m,e,1,0,5,0.0
ã,e,0,0,1,1.6094379124341003
a,k,0,1,2,0.9162907318741551
«,i,1,1,1,1.6094379124341003
t,o,0,1,4,0.22314355131420976
d,î,1,0,1,1.6094379124341003
¿,v,1,0,1,1.6094379124341003
m,r,1,0,1,1.6094379124341003
q,u,1,0,5,0.0
a,m,1,1,2,0.9162907318741551
-,-,0,1,1,1.6094379124341003
e,l,1,1,1,1.6094379124341003
m,.,1,0,2,0.9162907318741551
d,.,0,0,3,0.5108256237659907
t,a,0,0,5,0.0
v,y,0,1,1,1.6094379124341003
á,m,1,0,1,1.6094379124341003
_,),0,0,1,1.6094379124341003
¡,_,1,0,1,1.6094379124341003
l,d,0,0,5,0.0
d,ò,0,1,1,1.6094379124341003
.,4,0,0,1,1.6094379124341003
ó,",",0,0,1,1.6094379124341003
é,r,0,0,4,0.22314355131420976
k,n,0,0,1,1.6094379124341003
t,",",0,1,5,0.0
c,o,1,0,5,0.0
t,’,1,0,1,1.6094379124341003
o,',0,0,1,1.6094379124341003
s,",",0,1,5,0.0
j,ã,0,0,1,1.6094379124341003
ü,i,0,0,1,1.6094379124341003
s,i,1,0,5,0.0
f,ü,1,0,1,1.6094379124341003
é,s,0,0,4,0.22314355131420976
i,',1,0,1,1.6094379124341003
í,z,0,1,1,1.6094379124341003
r,á,0,1,2,0.9162907318741551
o,é,0,0,2,0.9162907318741551
e,õ,0,0,1,1.6094379124341003
p,—,0,0,1,1.6094379124341003
d,g,0,0,1,1.6094379124341003
n,.,1,1,1,1.6094379124341003
‘,c,1,0,1,1.6094379124341003
5,.,0,1,1,1.6094379124341003
í,?,0,0,1,1.6094379124341003
»,:,0,1,1,1.6094379124341003
l,è,0,0,1,1.6094379124341003
e,ò,0,1,1,1.6094379124341003
i,y,0,0,1,1.6094379124341003
«,b,1,0,4,0.22314355131420976
2,2,1,1,1,1.6094379124341003
u,z,0,1,2,0.9162907318741551
t,t,0,0,5,0.0
s,k,0,0,1,1.6094379124341003
p,é,0,0,4,0.22314355131420976
u,j,0,0,4,0.22314355131420976
b,s,0,1,1,1.6094379124341003
',â,0,0,1,1.6094379124341003
¡,e,1,0,1,1.6094379124341003
«,u,1,0,3,0.5108256237659907
g,.,1,0,1,1.6094379124341003
k,_,0,0,1,1.6094379124341003
’,l,0,0,1,1.6094379124341003
â,s,0,1,1,1.6094379124341003
o,r,0,0,5,0.0
a,l,0,1,5,0.0
ê,?,0,1,1,1.6094379124341003
u,m,0,1,5,0.0
t,w,0,0,1,1.6094379124341003
o,è,0,0,1,1.6094379124341003
s,h,0,0,5,0.0
k,w,0,0,1,1.6094379124341003
ò,!,0,1,1,1.6094379124341003
l,),0,1,1,1.6094379124341003
i,»,0,0,2,0.9162907318741551
s,_,0,0,3,0.5108256237659907
s,c,0,0,5,0.0
(,i,1,1,1,1.6094379124341003
g,e,0,1,5,0.0
n,g,0,1,2,0.9162907318741551
¡,e,0,0,1,1.6094379124341003
ú,l,1,0,1,1.6094379124341003
y,»,0,1,1,1.6094379124341003
c,_,0,0,2,0.9162907318741551
y,.,1,0,1,1.6094379124341003
è,",",1,1,1,1.6094379124341003
b,í,0,0,1,1.6094379124341003
è,:,0,1,1,1.6094379124341003
—,v,0,0,1,1.6094379124341003
ã,.,0,0,1,1.6094379124341003
v,á,1,1,1,1.6094379124341003
a,",",0,0,2,0.9162907318741551
_,h,0,0,1,1.6094379124341003
d,à,1,0,1,1.6094379124341003
w,:,0,1,1,1.6094379124341003
í,!,0,1,1,1.6094379124341003
a,!,0,0,4,0.22314355131420976
o,’,1,1,1,1.6094379124341003
=,",",0,1,1,1.6094379124341003
d,û,0,0,1,1.6094379124341003
",",-,0,0,2,0.9162907318741551
b,o,1,0,5,0.0
’,s,1,0,1,1.6094379124341003
r,h,0,0,2,0.9162907318741551
m,ã,0,0,1,1.6094379124341003
4,6,0,1,1,1.6094379124341003
2,2,1,0,1,1.6094379124341003
1,0,1,1,1,1.6094379124341003
r,à,0,0,1,1.6094379124341003
—,nothing,1,1,1,1.6094379124341003
ú,s,0,0,2,0.9162907318741551
f,r,0,0,5,0.0
i,.,0,1,4,0.22314355131420976
p,n,0,0,2,0.9162907318741551
—,d,0,0,1,1.6094379124341003
f,?,0,1,2,0.9162907318741551
o,ã,0,0,1,1.6094379124341003
a,_,0,0,3,0.5108256237659907
y,!,0,0,2,0.9162907318741551
.,.,0,0,4,0.22314355131420976
n,s,0,0,5,0.0
k,i,1,0,2,0.9162907318741551
t,ô,1,1,1,1.6094379124341003
n,),0,1,1,1.6094379124341003
r,e,0,1,5,0.0
ê,b,0,0,1,1.6094379124341003
o,",",0,1,5,0.0
u,ã,0,0,1,1.6094379124341003
g,g,0,0,3,0.5108256237659907
1,5,1,1,3,0.5108256237659907
o,r,1,0,5,0.0
p,p,0,0,5,0.0
e,b,0,0,5,0.0
r,—,0,0,1,1.6094379124341003
e,n,0,1,5,0.0
g,h,0,1,2,0.9162907318741551
h,b,0,0,1,1.6094379124341003
z,!,0,1,3,0.5108256237659907
1,9,1,0,4,0.22314355131420976
é,nothing,1,1,1,1.6094379124341003
i,q,0,0,5,0.0
¡,o,1,1,1,1.6094379124341003
h,w,0,0,2,0.9162907318741551
c,q,0,0,3,0.5108256237659907
à,r,0,0,1,1.6094379124341003
‘,a,1,0,1,1.6094379124341003
l,—,0,0,1,1.6094379124341003
_,v,1,0,4,0.22314355131420976
v,y,0,0,1,1.6094379124341003
s,ú,0,1,1,1.6094379124341003
m,n,0,1,1,1.6094379124341003
g,u,0,0,5,0.0
m,nothing,1,1,1,1.6094379124341003
a,',1,1,1,1.6094379124341003
j,o,1,0,5,0.0
m,.,0,0,4,0.22314355131420976
z,o,0,1,3,0.5108256237659907
e,.,1,0,2,0.9162907318741551
a,ñ,1,0,1,1.6094379124341003
ì,.,0,1,1,1.6094379124341003
m,è,0,1,1,1.6094379124341003
l,f,0,0,4,0.22314355131420976
o,?,0,1,4,0.22314355131420976
x,x,1,1,1,1.6094379124341003
7,9,1,1,1,1.6094379124341003
d,é,0,1,1,1.6094379124341003
ñ,_,0,0,1,1.6094379124341003
m,',0,0,2,0.9162907318741551
w,!,0,0,1,1.6094379124341003
a,u,1,0,5,0.0
m,a,0,0,5,0.0
r,o,0,0,5,0.0
o,:,0,1,5,0.0
(,y,1,0,1,1.6094379124341003
f,á,0,1,2,0.9162907318741551
m,",",0,0,1,1.6094379124341003
c,e,1,0,5,0.0
t,i,1,1,2,0.9162907318741551
d,i,1,0,5,0.0
p,î,0,0,1,1.6094379124341003
d,?,0,1,3,0.5108256237659907
g,_,0,1,1,1.6094379124341003
o,f,1,1,2,0.9162907318741551
t,l,0,0,3,0.5108256237659907
s,o,1,1,3,0.5108256237659907
e,j,0,0,5,0.0
3,",",0,1,1,1.6094379124341003
m,i,1,0,5,0.0
t,í,0,0,1,1.6094379124341003
1,2,1,1,2,0.9162907318741551
ú,g,0,0,1,1.6094379124341003
m,ó,0,1,1,1.6094379124341003
9,nothing,1,1,1,1.6094379124341003
h,ã,1,0,1,1.6094379124341003
í,",",0,1,1,1.6094379124341003
l,’,0,0,1,1.6094379124341003
e,c,0,1,1,1.6094379124341003
u,s,0,1,5,0.0
è,t,0,0,2,0.9162907318741551
y,h,0,0,1,1.6094379124341003
s,d,0,0,4,0.22314355131420976
m,u,0,1,2,0.9162907318741551
d,e,0,0,5,0.0
w,n,0,1,1,1.6094379124341003
ã,e,0,1,1,1.6094379124341003
d,ó,1,0,1,1.6094379124341003
s,s,0,1,2,0.9162907318741551
e,u,0,1,3,0.5108256237659907
g,n,0,1,1,1.6094379124341003
é,?,0,1,2,0.9162907318741551
«,n,1,0,4,0.22314355131420976
ó,x,0,0,1,1.6094379124341003
6,7,0,0,1,1.6094379124341003
i,ç,1,0,1,1.6094379124341003
n,i,0,0,5,0.0
ô,t,1,0,1,1.6094379124341003
—,y,0,0,1,1.6094379124341003
n,.,0,1,5,0.0
6,7,0,1,1,1.6094379124341003
á,q,1,0,1,1.6094379124341003
’,d,0,1,1,1.6094379124341003
y,d,0,0,2,0.9162907318741551
r,_,0,0,3,0.5108256237659907
m,ã,0,1,1,1.6094379124341003
a,c,0,0,5,0.0
‘,’,1,0,1,1.6094379124341003
t,),0,1,1,1.6094379124341003
r,l,0,0,5,0.0
a,g,1,0,5,0.0
ò,_,0,0,1,1.6094379124341003
y,s,0,1,3,0.5108256237659907
ê,t,0,1,1,1.6094379124341003
t,ò,1,0,1,1.6094379124341003
â,g,0,0,1,1.6094379124341003
_,o,1,1,2,0.9162907318741551
j,a,1,0,5,0.0
d,e,1,1,5,0.0
t,ò,0,0,1,1.6094379124341003
v,è,0,0,1,1.6094379124341003
ù,:,0,1,1,1.6094379124341003
á,y,0,0,1,1.6094379124341003
é,m,1,0,1,1.6094379124341003
y,.,0,1,5,0.0
e,w,0,1,2,0.9162907318741551
¡,s,0,0,1,1.6094379124341003
d,:,0,1,3,0.5108256237659907
e,t,0,0,5,0.0
m,é,0,0,3,0.5108256237659907
é,x,1,0,1,1.6094379124341003
ó,b,0,0,1,1.6094379124341003
c,s,0,1,3,0.5108256237659907
b,_,0,1,1,1.6094379124341003
u,ò,0,0,1,1.6094379124341003
!,’,0,0,1,1.6094379124341003
í,r,0,1,1,1.6094379124341003
t,.,0,0,4,0.22314355131420976
ò,?,0,1,1,1.6094379124341003
a,»,0,1,3,0.5108256237659907
i,à,0,1,1,1.6094379124341003
n,á,0,0,1,1.6094379124341003
i,g,0,1,1,1.6094379124341003
c,f,0,0,1,1.6094379124341003
i,ã,0,0,1,1.6094379124341003
¿,é,1,0,1,1.6094379124341003
h,",",0,0,1,1.6094379124341003
ã,»,0,0,1,1.6094379124341003
«,¡,1,0,1,1.6094379124341003
w,e,1,1,1,1.6094379124341003
à,:,0,1,2,0.9162907318741551
o,;,0,0,2,0.9162907318741551
á,i,0,0,1,1.6094379124341003
z,a,1,0,3,0.5108256237659907
c,',0,0,1,1.6094379124341003
e,e,0,1,3,0.5108256237659907
a,’,0,0,1,1.6094379124341003
),",",0,0,1,1.6094379124341003
r,s,0,1,3,0.5108256237659907
m,’,1,0,1,1.6094379124341003
o,ï,0,0,1,1.6094379124341003
a,x,0,0,3,0.5108256237659907
n,a,0,1,5,0.0
e,’,0,1,1,1.6094379124341003
b,>,0,1,1,1.6094379124341003
o,—,0,0,1,1.6094379124341003
n,=,0,0,1,1.6094379124341003
e,â,0,0,1,1.6094379124341003
u,n,1,1,3,0.5108256237659907
ù,b,0,0,1,1.6094379124341003
!,!,0,0,2,0.9162907318741551
h,è,0,0,3,0.5108256237659907
i,é,0,0,3,0.5108256237659907
p,û,1,0,1,1.6094379124341003
u,h,0,0,4,0.22314355131420976
l,í,1,0,1,1.6094379124341003
r,l,0,1,1,1.6094379124341003
r,a,1,0,5,0.0
t,é,1,0,3,0.5108256237659907
s,ó,0,0,2,0.9162907318741551
l,n,0,1,2,0.9162907318741551
s,ó,0,1,2,0.9162907318741551
a,"""",0,1,1,1.6094379124341003
á,nothing,1,1,1,1.6094379124341003
á,ñ,0,0,1,1.6094379124341003
á,",",0,1,2,0.9162907318741551
a,g,0,1,1,1.6094379124341003
d,o,1,1,3,0.5108256237659907
n,ì,0,1,1,1.6094379124341003
b,",",0,1,2,0.9162907318741551
(,f,1,0,1,1.6094379124341003
t,f,0,0,1,1.6094379124341003
n,æ,0,1,1,1.6094379124341003
’,o,0,0,1,1.6094379124341003
‘,r,1,0,1,1.6094379124341003
f,a,1,0,5,0.0
d,o,1,0,5,0.0
é,l,1,1,1,1.6094379124341003
—,i,0,0,1,1.6094379124341003
¿,d,0,0,1,1.6094379124341003
o,",",1,1,1,1.6094379124341003
w,y,0,1,1,1.6094379124341003
u,b,0,1,2,0.9162907318741551
o,s,0,1,4,0.22314355131420976
m,m,1,0,1,1.6094379124341003
í,a,0,0,1,1.6094379124341003
o,n,0,0,5,0.0
l,á,1,0,2,0.9162907318741551
a,u,1,1,1,1.6094379124341003
ô,_,0,1,1,1.6094379124341003
»,",",0,1,4,0.22314355131420976
',?,0,0,1,1.6094379124341003
h,á,1,0,1,1.6094379124341003
‘,u,1,0,1,1.6094379124341003
c,r,0,0,5,0.0
a,-,0,0,5,0.0
¡,o,1,0,1,1.6094379124341003
¡,.,1,0,1,1.6094379124341003
"""",r,1,0,1,1.6094379124341003
o,s,1,0,4,0.22314355131420976
b,',0,0,1,1.6094379124341003
’,s,0,1,1,1.6094379124341003
i,",",0,1,5,0.0
u,t,0,0,5,0.0
o,_,0,1,4,0.22314355131420976
a,ñ,0,0,1,1.6094379124341003
l,",",0,0,1,1.6094379124341003
h,k,0,0,1,1.6094379124341003
3,8,1,1,1,1.6094379124341003
y,’,1,0,1,1.6094379124341003
3,0,1,1,2,0.9162907318741551
.,a,0,0,1,1.6094379124341003
h,o,1,0,5,0.0
r,i,1,1,1,1.6094379124341003
6,",",0,1,1,1.6094379124341003
s,e,0,0,5,0.0
b,o,0,0,5,0.0
i,æ,0,1,1,1.6094379124341003
n,ò,0,0,1,1.6094379124341003
a,',0,1,1,1.6094379124341003
(,n,1,0,2,0.9162907318741551
p,ó,0,1,2,0.9162907318741551
f,",",0,0,1,1.6094379124341003
h,u,0,0,5,0.0
i,x,0,1,2,0.9162907318741551
—,o,0,0,1,1.6094379124341003
f,?,0,0,1,1.6094379124341003
o,q,0,0,5,0.0
p,e,0,1,5,0.0
»,.,0,0,3,0.5108256237659907
—,o,1,0,1,1.6094379124341003
o,b,1,0,5,0.0
a,r,1,0,5,0.0
k,h,0,0,1,1.6094379124341003
g,o,1,1,1,1.6094379124341003
m,ú,1,0,1,1.6094379124341003
v,ó,0,0,2,0.9162907318741551
¿,a,0,0,1,1.6094379124341003
‘,l,1,0,1,1.6094379124341003
g,z,0,0,1,1.6094379124341003
ã,;,0,1,1,1.6094379124341003
é,q,0,0,2,0.9162907318741551
o,f,0,0,5,0.0
z,_,0,0,2,0.9162907318741551
ú,n,0,0,1,1.6094379124341003
a,ú,1,0,1,1.6094379124341003
é,_,0,0,2,0.9162907318741551
—,b,0,0,1,1.6094379124341003
p,u,0,0,5,0.0
-,h,0,0,4,0.22314355131420976
o,o,0,0,4,0.22314355131420976
5,0,1,0,1,1.6094379124341003
“,t,1,0,1,1.6094379124341003
l,a,0,1,4,0.22314355131420976
g,",",0,1,2,0.9162907318741551
í,»,0,0,1,1.6094379124341003
y,á,0,0,1,1.6094379124341003
d,d,0,0,3,0.5108256237659907
e,y,1,0,1,1.6094379124341003
k,f,0,0,2,0.9162907318741551
s,!,0,1,5,0.0
¿,m,1,0,1,1.6094379124341003
c,c,0,0,5,0.0
ç,o,0,0,2,0.9162907318741551
l,u,1,0,5,0.0
o,f,0,1,1,1.6094379124341003
?,’,0,1,1,1.6094379124341003
a,t,1,1,1,1.6094379124341003
_,a,1,1,2,0.9162907318741551
¡,q,1,0,1,1.6094379124341003
s,ú,1,0,1,1.6094379124341003
_,d,0,0,1,1.6094379124341003
ò,!,0,0,1,1.6094379124341003
p,ã,1,0,1,1.6094379124341003
ç,à,1,0,1,1.6094379124341003
g,í,0,1,1,1.6094379124341003
h,o,0,0,5,0.0
i,n,1,0,5,0.0
u,è,0,0,1,1.6094379124341003
?,),0,1,2,0.9162907318741551
c,u,0,0,5,0.0
z,ã,0,0,1,1.6094379124341003
l,ê,0,0,1,1.6094379124341003
l,",",0,1,4,0.22314355131420976
.,),0,1,2,0.9162907318741551
i,c,1,0,3,0.5108256237659907
;,”,0,1,1,1.6094379124341003
n,ã,1,0,1,1.6094379124341003
é,u,0,0,3,0.5108256237659907
h,',0,0,1,1.6094379124341003
_,è,0,1,1,1.6094379124341003
0,6,1,1,1,1.6094379124341003
ê,d,0,0,1,1.6094379124341003
ú,a,0,0,1,1.6094379124341003
ç,a,0,1,2,0.9162907318741551
r,o,1,0,5,0.0
u,o,1,0,1,1.6094379124341003
!,-,0,0,2,0.9162907318741551
s,),0,1,1,1.6094379124341003
o,s,1,1,2,0.9162907318741551
u,i,0,1,4,0.22314355131420976
p,ô,0,0,2,0.9162907318741551
w,t,0,1,1,1.6094379124341003
h,!,0,1,5,0.0
v,e,0,0,5,0.0
0,.,0,1,1,1.6094379124341003
x,i,1,0,4,0.22314355131420976
r,:,0,1,4,0.22314355131420976
œ,i,0,0,1,1.6094379124341003
a,k,0,0,3,0.5108256237659907
u,á,0,0,2,0.9162907318741551
r,i,0,1,3,0.5108256237659907
ó,p,0,0,1,1.6094379124341003
d,r,0,0,5,0.0
-,é,0,0,2,0.9162907318741551
«,a,1,1,3,0.5108256237659907
l,?,0,1,4,0.22314355131420976
i,),0,1,2,0.9162907318741551
ù,!,0,1,1,1.6094379124341003
(,w,1,0,1,1.6094379124341003
j,',0,0,1,1.6094379124341003
l,â,0,0,1,1.6094379124341003
l,d,0,1,3,0.5108256237659907
z,!,0,0,1,1.6094379124341003
3,1,1,0,1,1.6094379124341003
ó,;,0,1,1,1.6094379124341003
m,ó,0,0,2,0.9162907318741551
y,o,1,1,2,0.9162907318741551
n,e,1,0,5,0.0
ú,e,0,0,1,1.6094379124341003
a,f,0,1,1,1.6094379124341003
(,m,1,0,2,0.9162907318741551
ó,v,0,0,2,0.9162907318741551
s,û,1,0,1,1.6094379124341003
n,ú,0,0,1,1.6094379124341003
õ,e,0,0,1,1.6094379124341003
p,a,0,0,5,0.0
k,a,1,0,3,0.5108256237659907
â,m,0,0,1,1.6094379124341003
s,é,0,1,3,0.5108256237659907
r,c,0,1,1,1.6094379124341003
v,',1,0,1,1.6094379124341003
i,.,1,1,3,0.5108256237659907
g,r,1,0,5,0.0
c,á,1,0,3,0.5108256237659907
_,»,0,1,1,1.6094379124341003
u,!,0,1,3,0.5108256237659907
f,—,0,0,1,1.6094379124341003
),.,0,1,3,0.5108256237659907
k,u,0,0,1,1.6094379124341003
o,:,0,0,1,1.6094379124341003
i,f,0,0,5,0.0
i,e,0,1,5,0.0
á,p,0,0,2,0.9162907318741551
o,v,0,0,5,0.0
!,»,0,0,1,1.6094379124341003
h,ã,0,0,1,1.6094379124341003
í,?,0,1,1,1.6094379124341003
n,i,0,1,4,0.22314355131420976
u,g,0,0,5,0.0
e,û,0,0,1,1.6094379124341003
f,l,0,0,5,0.0
(,h,1,0,1,1.6094379124341003
s,á,0,0,2,0.9162907318741551
f,í,0,0,1,1.6094379124341003
u,s,1,0,5,0.0
n,k,0,0,3,0.5108256237659907
1,6,1,0,3,0.5108256237659907
l,í,0,0,2,0.9162907318741551
m,m,0,0,5,0.0
n,ã,0,0,1,1.6094379124341003
g,d,0,0,2,0.9162907318741551
ì,a,0,0,1,1.6094379124341003
á,;,0,1,2,0.9162907318741551
',œ,0,0,1,1.6094379124341003
ô,o,0,1,1,1.6094379124341003
u,f,1,0,1,1.6094379124341003
u,),0,0,1,1.6094379124341003
m,â,1,0,1,1.6094379124341003
p,é,1,1,1,1.6094379124341003
f,é,0,0,3,0.5108256237659907
o,o,1,0,1,1.6094379124341003
i,o,0,0,5,0.0
m,o,0,1,3,0.5108256237659907
l,ê,1,0,1,1.6094379124341003
v,v,0,0,1,1.6094379124341003
d,n,0,0,1,1.6094379124341003
9,3,0,1,1,1.6094379124341003
«,é,1,1,1,1.6094379124341003
s,y,0,1,1,1.6094379124341003
_,p,1,0,4,0.22314355131420976
-,o,0,1,1,1.6094379124341003
n,e,0,1,5,0.0
s,á,1,1,1,1.6094379124341003
y,),0,1,1,1.6094379124341003
k,a,0,1,1,1.6094379124341003
r,â,0,0,1,1.6094379124341003
a,’,1,1,1,1.6094379124341003
’,v,0,0,1,1.6094379124341003
e,e,1,0,1,1.6094379124341003
b,;,0,1,1,1.6094379124341003
«,t,1,0,3,0.5108256237659907
m,y,1,0,3,0.5108256237659907
_,á,0,0,1,1.6094379124341003
_,¡,0,0,1,1.6094379124341003
í,n,1,0,1,1.6094379124341003
w,’,0,0,1,1.6094379124341003
w,h,0,0,4,0.22314355131420976
è,m,0,0,2,0.9162907318741551
z,q,0,0,1,1.6094379124341003
z,l,0,0,1,1.6094379124341003
f,!,0,0,2,0.9162907318741551
ó,s,0,1,2,0.9162907318741551
d,q,0,0,2,0.9162907318741551
n,á,0,1,2,0.9162907318741551
g,e,0,0,5,0.0
d,i,0,1,4,0.22314355131420976
«,é,1,0,1,1.6094379124341003
_,i,0,0,2,0.9162907318741551
»,-,0,0,2,0.9162907318741551
a,p,1,0,5,0.0
v,ó,1,0,1,1.6094379124341003
c,ê,0,0,1,1.6094379124341003
!,—,0,0,1,1.6094379124341003
á,_,0,0,2,0.9162907318741551
z,t,0,0,2,0.9162907318741551
t,è,1,0,1,1.6094379124341003
b,y,0,0,3,0.5108256237659907
g,ù,0,0,1,1.6094379124341003
t,ò,0,1,1,1.6094379124341003
t,e,0,1,5,0.0
n,v,0,0,5,0.0
i,ó,0,0,1,1.6094379124341003
a,p,0,0,5,0.0
l,û,0,0,1,1.6094379124341003
-,l,0,0,4,0.22314355131420976
¡,u,1,0,1,1.6094379124341003
w,.,1,1,1,1.6094379124341003
ì,t,0,0,1,1.6094379124341003
a,q,1,0,2,0.9162907318741551
é,!,0,1,3,0.5108256237659907
!,!,0,1,2,0.9162907318741551
_,l,0,0,1,1.6094379124341003
!,_,0,0,1,1.6094379124341003
p,õ,0,0,1,1.6094379124341003
i,t,1,1,1,1.6094379124341003
i,nothing,1,1,5,0.0
5,0,0,0,1,1.6094379124341003
-,«,0,0,1,1.6094379124341003
u,ò,0,1,1,1.6094379124341003
y,;,0,1,3,0.5108256237659907
0,5,0,0,1,1.6094379124341003
‘,j,1,0,1,1.6094379124341003
2,.,0,1,1,1.6094379124341003
_,g,1,0,4,0.22314355131420976
g,;,0,1,2,0.9162907318741551
(,a,1,1,1,1.6094379124341003
y,l,0,0,3,0.5108256237659907
ù,",",0,1,2,0.9162907318741551
z,g,0,0,1,1.6094379124341003
y,i,0,0,3,0.5108256237659907
o,l,1,0,5,0.0
t,ô,1,0,2,0.9162907318741551
f,ã,0,0,1,1.6094379124341003
2,5,0,1,2,0.9162907318741551
s,;,0,0,1,1.6094379124341003
m,é,1,0,3,0.5108256237659907
h,a,1,1,4,0.22314355131420976
ó,d,0,0,2,0.9162907318741551
‘,s,1,0,1,1.6094379124341003
l,ö,1,0,1,1.6094379124341003
û,r,0,0,1,1.6094379124341003
«,p,1,0,4,0.22314355131420976
¡,u,0,0,1,1.6094379124341003
y,!,0,1,4,0.22314355131420976
n,t,0,1,5,0.0
«,á,1,1,1,1.6094379124341003
s,a,0,0,5,0.0
4,0,1,1,1,1.6094379124341003
2,nothing,1,1,1,1.6094379124341003
w,a,0,0,1,1.6094379124341003
¿,s,1,0,1,1.6094379124341003
f,.,1,1,2,0.9162907318741551
n,-,0,0,3,0.5108256237659907
i,a,1,0,1,1.6094379124341003
j,á,0,1,1,1.6094379124341003
s,o,0,0,5,0.0
_,j,0,0,1,1.6094379124341003
s,t,0,0,5,0.0
t,!,0,0,2,0.9162907318741551
é,.,1,0,1,1.6094379124341003
l,l,1,0,1,1.6094379124341003
l,_,0,1,3,0.5108256237659907
—,f,0,0,1,1.6094379124341003
n,a,1,0,5,0.0
e,p,0,0,5,0.0
l,k,0,1,2,0.9162907318741551
v,),1,1,1,1.6094379124341003
i,z,1,0,1,1.6094379124341003
i,r,1,0,5,0.0
d,u,1,1,2,0.9162907318741551
a,b,1,0,5,0.0
p,r,0,0,5,0.0
é,â,0,0,1,1.6094379124341003
n,u,1,0,5,0.0
ó,r,1,0,1,1.6094379124341003
u,n,0,0,5,0.0
_,i,1,1,1,1.6094379124341003
’,e,0,0,1,1.6094379124341003
h,i,0,0,5,0.0
g,h,1,0,2,0.9162907318741551
f,e,0,1,5,0.0
o,u,1,1,2,0.9162907318741551
í,o,0,0,1,1.6094379124341003
h,!,0,0,4,0.22314355131420976
c,y,0,1,1,1.6094379124341003
t,é,0,0,3,0.5108256237659907
r,ò,0,1,1,1.6094379124341003
t,ú,0,0,2,0.9162907318741551
p,l,1,0,5,0.0
n,s,0,1,4,0.22314355131420976
x,!,0,1,1,1.6094379124341003
2,1,1,0,2,0.9162907318741551
l,ì,1,1,1,1.6094379124341003
m,e,0,1,5,0.0
«,l,1,0,4,0.22314355131420976
í,o,0,1,1,1.6094379124341003
f,è,0,0,2,0.9162907318741551
-,o,1,0,1,1.6094379124341003
r,p,0,1,1,1.6094379124341003
v,nothing,1,1,4,0.22314355131420976
h,t,0,1,2,0.9162907318741551
a,—,0,0,1,1.6094379124341003
i,ò,0,0,1,1.6094379124341003
(,c,1,0,2,0.9162907318741551
f,é,0,1,2,0.9162907318741551
p,s,0,0,3,0.5108256237659907
i,",",1,1,2,0.9162907318741551
*,/,1,1,1,1.6094379124341003
7,",",1,1,1,1.6094379124341003
p,a,0,1,4,0.22314355131420976
o,d,1,0,5,0.0
ì,a,0,1,1,1.6094379124341003
é,v,1,0,1,1.6094379124341003
ô,n,0,0,2,0.9162907318741551
x,f,0,0,1,1.6094379124341003
â,t,0,1,1,1.6094379124341003
a,m,0,0,5,0.0
j,o,0,1,3,0.5108256237659907
r,q,0,0,4,0.22314355131420976
z,e,0,0,4,0.22314355131420976
x,ó,0,0,1,1.6094379124341003
u,s,1,1,1,1.6094379124341003
¡,t,0,0,1,1.6094379124341003
h,s,0,1,1,1.6094379124341003
d,»,0,0,1,1.6094379124341003
e,r,1,0,5,0.0
m,!,0,0,4,0.22314355131420976
-,e,0,1,1,1.6094379124341003
c,",",0,1,3,0.5108256237659907
ú,-,0,0,1,1.6094379124341003
1,1,1,0,2,0.9162907318741551
u,ñ,0,0,1,1.6094379124341003
c,ò,0,1,1,1.6094379124341003
c,s,0,0,3,0.5108256237659907
w,o,0,0,1,1.6094379124341003
n,x,0,0,2,0.9162907318741551
t,é,0,1,3,0.5108256237659907
«,¿,1,0,1,1.6094379124341003
d,h,0,0,2,0.9162907318741551
a,e,0,0,4,0.22314355131420976
p,r,1,0,5,0.0
g,",",0,0,1,1.6094379124341003
i,i,0,1,5,0.0
m,],0,1,1,1.6094379124341003
n,_,0,0,4,0.22314355131420976
x,v,0,1,1,1.6094379124341003
a,c,1,0,5,0.0
e,ó,0,1,1,1.6094379124341003
t,w,1,0,1,1.6094379124341003
e,l,0,0,5,0.0
r,f,0,0,5,0.0
é,l,0,1,2,0.9162907318741551
g,t,0,0,2,0.9162907318741551
û,t,0,0,1,1.6094379124341003
t,e,1,0,5,0.0
3,0,0,1,1,1.6094379124341003
i,m,1,0,5,0.0
d,î,0,0,2,0.9162907318741551
8,5,0,0,1,1.6094379124341003
1,3,1,1,1,1.6094379124341003
1,nothing,1,1,1,1.6094379124341003
-,t,0,0,4,0.22314355131420976
z,u,1,0,3,0.5108256237659907
í,_,0,0,1,1.6094379124341003
3,9,1,1,1,1.6094379124341003
‘,e,1,0,1,1.6094379124341003
6,4,0,0,1,1.6094379124341003
a,;,0,1,5,0.0
ô,r,0,0,1,1.6094379124341003
8,7,0,0,1,1.6094379124341003
f,ó,0,0,2,0.9162907318741551
.,»,0,1,4,0.22314355131420976
e,;,0,0,2,0.9162907318741551
m,ú,0,0,1,1.6094379124341003
f,a,0,1,2,0.9162907318741551
d,o,0,1,4,0.22314355131420976
v,ê,1,1,1,1.6094379124341003
k,o,0,0,1,1.6094379124341003
r,-,0,0,4,0.22314355131420976
x,e,0,0,4,0.22314355131420976
í,r,0,0,1,1.6094379124341003
o,ñ,0,0,1,1.6094379124341003
a,n,0,1,5,0.0
¿,y,1,0,1,1.6094379124341003
d,',1,0,3,0.5108256237659907
d,c,0,0,1,1.6094379124341003
l,.,0,0,5,0.0
e,s,0,0,5,0.0
r,n,0,1,1,1.6094379124341003
i,m,1,1,1,1.6094379124341003
s,ì,1,1,1,1.6094379124341003
p,_,0,1,2,0.9162907318741551
’,_,0,1,1,1.6094379124341003
z,õ,0,0,1,1.6094379124341003
l,y,0,0,3,0.5108256237659907
!,”,0,0,1,1.6094379124341003
g,a,0,0,5,0.0
b,y,0,1,1,1.6094379124341003
k,’,0,0,1,1.6094379124341003
r,p,0,0,5,0.0
l,a,1,0,5,0.0
l,.,1,1,1,1.6094379124341003
r,;,0,0,1,1.6094379124341003
n,ì,0,0,1,1.6094379124341003
e,t,0,1,3,0.5108256237659907
ó,nothing,1,1,1,1.6094379124341003
s,è,1,1,1,1.6094379124341003
t,a,0,1,5,0.0
l,t,0,0,5,0.0
w,i,0,0,3,0.5108256237659907
á,!,0,1,2,0.9162907318741551
m,b,0,0,5,0.0
_,a,1,0,4,0.22314355131420976
m,í,0,0,1,1.6094379124341003
é,p,0,0,2,0.9162907318741551
u,_,0,1,4,0.22314355131420976
-,q,0,0,3,0.5108256237659907
.,”,0,1,1,1.6094379124341003
_,p,0,0,2,0.9162907318741551
k,i,0,0,1,1.6094379124341003
s,ô,1,0,1,1.6094379124341003
u,’,0,0,1,1.6094379124341003
g,ó,0,1,1,1.6094379124341003
é,.,0,0,2,0.9162907318741551
r,ç,0,0,2,0.9162907318741551
’,",",0,1,1,1.6094379124341003
s,u,0,0,5,0.0
i,r,0,0,5,0.0
s,í,0,1,1,1.6094379124341003
¿,e,0,0,1,1.6094379124341003
l,y,1,0,2,0.9162907318741551
?,’,0,0,1,1.6094379124341003
y,é,0,1,1,1.6094379124341003
x,a,0,1,2,0.9162907318741551
b,ê,0,1,1,1.6094379124341003
f,î,1,0,1,1.6094379124341003
«,r,1,0,2,0.9162907318741551
¡,n,1,0,1,1.6094379124341003
«,m,1,0,4,0.22314355131420976
e,",",0,1,5,0.0
d,”,0,0,1,1.6094379124341003
l,á,0,0,2,0.9162907318741551
i,r,0,1,5,0.0
h,_,0,0,1,1.6094379124341003
n,t,0,0,5,0.0
g,h,0,0,2,0.9162907318741551
e,í,0,1,1,1.6094379124341003
s,è,0,1,1,1.6094379124341003
«,a,0,0,1,1.6094379124341003
a,v,1,0,5,0.0
é,g,1,0,1,1.6094379124341003
—,j,0,0,1,1.6094379124341003
_,z,1,0,1,1.6094379124341003
k,g,0,0,1,1.6094379124341003
b,y,1,1,2,0.9162907318741551
—,i,1,0,1,1.6094379124341003
í,s,0,0,2,0.9162907318741551
a,.,1,1,1,1.6094379124341003
c,a,0,0,5,0.0
',»,0,0,1,1.6094379124341003
o,nothing,1,1,4,0.22314355131420976
l,é,1,0,2,0.9162907318741551
ó,j,0,0,1,1.6094379124341003
m,a,1,0,5,0.0
p,i,0,1,1,1.6094379124341003
8,nothing,1,1,2,0.9162907318741551
g,á,0,1,1,1.6094379124341003
¿,h,1,0,1,1.6094379124341003
t,ó,0,0,1,1.6094379124341003
.,.,0,1,4,0.22314355131420976
0,8,0,0,1,1.6094379124341003
_,d,1,0,4,0.22314355131420976
v,ã,1,0,1,1.6094379124341003
',y,0,0,1,1.6094379124341003
à,",",0,1,2,0.9162907318741551
h,e,0,1,5,0.0
s,t,1,0,4,0.22314355131420976
s,’,0,0,1,1.6094379124341003
g,;,0,0,1,1.6094379124341003
p,á,1,0,2,0.9162907318741551
t,ê,0,0,2,0.9162907318741551
é,p,1,0,3,0.5108256237659907
l,-,0,0,4,0.22314355131420976
h,œ,0,0,1,1.6094379124341003
n,o,0,1,5,0.0
e,d,0,1,4,0.22314355131420976
i,t,0,1,5,0.0
n,",",0,0,2,0.9162907318741551
«,o,1,1,1,1.6094379124341003
d,k,0,0,1,1.6094379124341003
*,*,0,0,1,1.6094379124341003
f,t,0,0,2,0.9162907318741551
s,o,0,1,4,0.22314355131420976
m,í,1,0,1,1.6094379124341003
‘,o,1,0,1,1.6094379124341003
p,e,1,0,5,0.0
_,",",0,1,4,0.22314355131420976
_,á,1,0,1,1.6094379124341003
ú,t,0,0,1,1.6094379124341003
u,r,0,1,4,0.22314355131420976
o,g,0,1,1,1.6094379124341003
y,o,0,0,4,0.22314355131420976
e,p,1,0,4,0.22314355131420976
f,:,0,1,2,0.9162907318741551
ñ,é,0,0,1,1.6094379124341003
u,',0,1,1,1.6094379124341003
ò,.,0,0,1,1.6094379124341003
_,u,1,0,4,0.22314355131420976
f,ó,1,0,2,0.9162907318741551
ó,e,0,1,1,1.6094379124341003
’,f,1,0,1,1.6094379124341003
-,ê,0,0,1,1.6094379124341003
o,m,0,0,5,0.0
r,n,0,0,5,0.0
k,s,0,1,1,1.6094379124341003
e,r,0,0,5,0.0
d,s,0,1,2,0.9162907318741551
-,¡,0,0,1,1.6094379124341003
h,â,1,0,1,1.6094379124341003
ó,?,0,0,1,1.6094379124341003
i,e,1,0,1,1.6094379124341003
m,;,0,0,1,1.6094379124341003
w,m,0,0,1,1.6094379124341003
_,i,1,0,4,0.22314355131420976
3,0,1,0,1,1.6094379124341003
á,s,1,1,1,1.6094379124341003
y,nothing,1,1,3,0.5108256237659907
d,r,1,0,5,0.0
«,a,1,0,4,0.22314355131420976
d,ã,1,0,1,1.6094379124341003
l,p,0,1,1,1.6094379124341003
t,ã,1,0,1,1.6094379124341003
a,t,1,0,5,0.0
b,a,0,1,4,0.22314355131420976
.,_,0,1,3,0.5108256237659907
c,i,1,0,5,0.0
ñ,o,0,1,1,1.6094379124341003
o,",",0,0,3,0.5108256237659907
w,.,0,0,1,1.6094379124341003
p,ì,0,0,1,1.6094379124341003
—,u,0,0,1,1.6094379124341003
r,.,0,1,5,0.0
s,q,1,0,2,0.9162907318741551
o,f,1,0,5,0.0
1,2,0,1,1,1.6094379124341003
-,_,0,0,2,0.9162907318741551
:,’,0,1,1,1.6094379124341003
l,o,1,0,5,0.0
n,!,0,0,5,0.0
m,í,1,1,1,1.6094379124341003
s,i,0,0,5,0.0
x,—,0,0,1,1.6094379124341003
j,a,1,1,1,1.6094379124341003
m,e,0,0,5,0.0
í,e,0,0,1,1.6094379124341003
f,e,1,0,5,0.0
o,l,0,1,5,0.0
ñ,i,0,0,1,1.6094379124341003
p,m,0,0,1,1.6094379124341003
í,n,0,0,2,0.9162907318741551
r,w,0,0,2,0.9162907318741551
à,?,0,0,1,1.6094379124341003
è,l,0,0,1,1.6094379124341003
á,-,0,0,2,0.9162907318741551
u,í,0,0,2,0.9162907318741551
(,q,1,0,2,0.9162907318741551
ô,ô,0,0,1,1.6094379124341003
c,e,1,1,3,0.5108256237659907
i,s,1,0,5,0.0
g,l,1,0,5,0.0
t,u,1,1,4,0.22314355131420976
ô,a,0,1,1,1.6094379124341003
r,y,0,0,4,0.22314355131420976
e,í,0,0,1,1.6094379124341003
1,4,1,0,3,0.5108256237659907
y,â,0,0,1,1.6094379124341003
j,i,0,0,1,1.6094379124341003
s,ã,1,0,1,1.6094379124341003
-,m,0,0,4,0.22314355131420976
h,ó,0,0,1,1.6094379124341003
r,t,0,1,3,0.5108256237659907
g,:,0,1,1,1.6094379124341003
c,œ,1,0,1,1.6094379124341003
-,-,0,0,3,0.5108256237659907
h,p,0,0,1,1.6094379124341003
s,c,1,0,4,0.22314355131420976
-,a,0,0,4,0.22314355131420976
{,0,1,0,1,1.6094379124341003
d,a,0,1,5,0.0
¡,z,1,0,1,1.6094379124341003
w,?,0,1,1,1.6094379124341003
g,é,0,1,2,0.9162907318741551
r,),0,0,1,1.6094379124341003
t,e,1,1,4,0.22314355131420976
a,ú,0,0,2,0.9162907318741551
—,?,0,0,1,1.6094379124341003
",",’,0,0,1,1.6094379124341003
o,ç,0,0,1,1.6094379124341003
9,",",1,1,1,1.6094379124341003
u,l,1,0,4,0.22314355131420976
i,è,0,1,1,1.6094379124341003
2,",",0,1,1,1.6094379124341003
n,!,0,1,4,0.22314355131420976
!,»,0,1,3,0.5108256237659907
a,s,0,1,5,0.0
z,i,0,0,4,0.22314355131420976
d,ô,1,0,1,1.6094379124341003
’,d,1,0,1,1.6094379124341003
s,è,0,0,1,1.6094379124341003
a,é,0,1,1,1.6094379124341003
a,é,0,0,2,0.9162907318741551
s,f,0,0,5,0.0
e,’,1,0,1,1.6094379124341003
l,o,0,0,5,0.0
7,3,1,0,1,1.6094379124341003
_,à,1,1,1,1.6094379124341003
i,.,1,0,1,1.6094379124341003
-,u,0,0,4,0.22314355131420976
p,è,0,0,2,0.9162907318741551
w,;,0,1,1,1.6094379124341003
z,a,0,1,3,0.5108256237659907
a,s,1,0,5,0.0
v,o,1,0,5,0.0
»,.,0,1,3,0.5108256237659907
d,é,1,0,3,0.5108256237659907
o,i,0,0,5,0.0
n,o,0,0,5,0.0
ä,t,0,0,1,1.6094379124341003
a,î,0,0,1,1.6094379124341003
-,é,0,1,1,1.6094379124341003
‘,f,1,0,1,1.6094379124341003
t,o,0,0,5,0.0
e,o,0,0,5,0.0
w,?,0,0,1,1.6094379124341003
t,!,0,1,2,0.9162907318741551
t,è,0,1,1,1.6094379124341003
e,c,0,0,5,0.0
k,l,0,0,2,0.9162907318741551
l,',0,0,2,0.9162907318741551
¿,a,1,1,1,1.6094379124341003
ï,n,0,0,1,1.6094379124341003
8,",",1,1,1,1.6094379124341003
a,r,1,1,1,1.6094379124341003
e,n,1,1,2,0.9162907318741551
u,o,0,1,3,0.5108256237659907
n,h,0,0,5,0.0
a,z,1,0,3,0.5108256237659907
d,!,0,1,3,0.5108256237659907
.,nothing,1,1,1,1.6094379124341003
u,c,0,1,1,1.6094379124341003
ú,",",0,1,2,0.9162907318741551
«,s,1,0,4,0.22314355131420976
1,8,0,1,1,1.6094379124341003
s,œ,1,0,2,0.9162907318741551
’,!,0,0,1,1.6094379124341003
á,.,0,0,2,0.9162907318741551
e,n,1,0,5,0.0
ó,e,0,0,1,1.6094379124341003
x,í,0,0,1,1.6094379124341003
(,t,1,0,2,0.9162907318741551
é,n,0,0,3,0.5108256237659907
y,a,1,0,2,0.9162907318741551
ú,m,0,0,1,1.6094379124341003
u,t,0,1,2,0.9162907318741551
‘,a,1,1,1,1.6094379124341003
—,m,0,0,1,1.6094379124341003
d,s,0,0,3,0.5108256237659907
p,â,0,0,1,1.6094379124341003
e,ã,0,0,1,1.6094379124341003
ó,r,0,0,2,0.9162907318741551
r,é,1,0,3,0.5108256237659907
1,5,0,1,1,1.6094379124341003
v,.,0,0,1,1.6094379124341003
b,á,0,0,2,0.9162907318741551
g,s,0,1,2,0.9162907318741551
h,a,1,0,5,0.0
!,?,0,1,1,1.6094379124341003
á,.,0,1,2,0.9162907318741551
s,é,1,0,3,0.5108256237659907
p,w,0,0,1,1.6094379124341003
ê,_,0,1,1,1.6094379124341003
g,i,0,1,1,1.6094379124341003
-,á,0,0,2,0.9162907318741551
a,?,0,0,4,0.22314355131420976
p,î,0,1,1,1.6094379124341003
4,3,1,1,1,1.6094379124341003
s,e,0,1,5,0.0
l,»,0,1,2,0.9162907318741551
',«,0,0,2,0.9162907318741551
d,u,0,1,2,0.9162907318741551
r,ì,0,0,1,1.6094379124341003
o,o,0,1,2,0.9162907318741551
t,â,0,0,1,1.6094379124341003
¿,n,0,0,1,1.6094379124341003
',u,0,0,3,0.5108256237659907
á,b,0,0,2,0.9162907318741551
l,u,0,1,1,1.6094379124341003
e,q,1,0,4,0.22314355131420976
c,é,0,1,2,0.9162907318741551
’,!,0,1,1,1.6094379124341003
_,m,1,0,4,0.22314355131420976
c,ó,0,1,1,1.6094379124341003
r,ó,0,0,2,0.9162907318741551
e,_,0,0,4,0.22314355131420976
e,.,0,0,5,0.0
’,n,0,1,1,1.6094379124341003
’,t,0,0,1,1.6094379124341003
u,ñ,1,0,1,1.6094379124341003
t,m,0,0,5,0.0
v,",",0,1,1,1.6094379124341003
s,p,0,0,5,0.0
e,v,1,0,5,0.0
e,w,0,0,1,1.6094379124341003
e,m,0,0,5,0.0
h,õ,0,0,1,1.6094379124341003
t,ã,0,0,1,1.6094379124341003
s,:,0,1,4,0.22314355131420976
_,n,0,0,2,0.9162907318741551
ö,w,0,0,1,1.6094379124341003
a,l,1,0,5,0.0
h,ô,0,0,3,0.5108256237659907
o,u,1,0,3,0.5108256237659907
4,2,0,0,1,1.6094379124341003
8,5,0,1,1,1.6094379124341003
é,j,0,0,2,0.9162907318741551
i,i,0,0,5,0.0
2,2,0,1,2,0.9162907318741551
',è,0,1,1,1.6094379124341003
—,a,0,0,1,1.6094379124341003
ò,n,0,0,1,1.6094379124341003
i,õ,0,0,1,1.6094379124341003
«,ó,1,0,1,1.6094379124341003
í,s,0,1,2,0.9162907318741551
a,w,1,1,1,1.6094379124341003
à,;,0,1,2,0.9162907318741551
p,h,0,1,2,0.9162907318741551
_,y,1,0,3,0.5108256237659907
v,î,1,0,1,1.6094379124341003
8,0,0,1,1,1.6094379124341003
3,.,1,0,1,1.6094379124341003
v,i,0,1,4,0.22314355131420976
g,o,0,1,5,0.0
u,nothing,1,1,1,1.6094379124341003
ú,e,0,1,1,1.6094379124341003
6,nothing,1,1,1,1.6094379124341003
¡,j,1,0,1,1.6094379124341003
v,t,0,0,1,1.6094379124341003
s,a,1,0,5,0.0
d,ò,0,0,1,1.6094379124341003
d,',0,0,2,0.9162907318741551
r,a,0,1,5,0.0
d,y,0,1,1,1.6094379124341003
‘,_,1,0,1,1.6094379124341003
a,e,0,1,2,0.9162907318741551
y,u,1,0,1,1.6094379124341003
i,u,0,0,4,0.22314355131420976
a,h,0,0,5,0.0
d,e,1,0,5,0.0
a,_,0,1,3,0.5108256237659907
h,l,0,0,2,0.9162907318741551
n,u,0,1,1,1.6094379124341003
i,.,0,0,4,0.22314355131420976
t,;,0,1,3,0.5108256237659907
u,d,1,0,1,1.6094379124341003
ô,.,0,0,1,1.6094379124341003
j,ú,0,0,1,1.6094379124341003
s,e,1,0,5,0.0
d,í,1,0,1,1.6094379124341003
’,h,0,1,1,1.6094379124341003
õ,o,0,0,1,1.6094379124341003
j,e,0,0,5,0.0
a,),0,0,2,0.9162907318741551
z,ó,0,0,1,1.6094379124341003
c,è,0,0,1,1.6094379124341003
k,b,0,0,1,1.6094379124341003
h,s,0,0,2,0.9162907318741551
¿,i,1,0,1,1.6094379124341003
l,m,0,1,1,1.6094379124341003
a,.,0,0,4,0.22314355131420976
r,u,1,0,5,0.0
î,",",0,1,1,1.6094379124341003
á,?,0,1,1,1.6094379124341003
m,s,0,0,4,0.22314355131420976
ô,d,0,0,2,0.9162907318741551
z,ó,0,1,1,1.6094379124341003
y,_,0,0,2,0.9162907318741551
e,y,0,0,4,0.22314355131420976
í,:,0,1,1,1.6094379124341003
-,ô,0,1,1,1.6094379124341003
_,w,0,0,1,1.6094379124341003
i,’,1,0,1,1.6094379124341003
ó,_,0,0,1,1.6094379124341003
t,o,1,1,2,0.9162907318741551
¡,f,1,0,1,1.6094379124341003
i,s,1,1,1,1.6094379124341003
',e,0,0,3,0.5108256237659907
t,á,0,0,2,0.9162907318741551
í,!,0,0,1,1.6094379124341003
è,d,0,0,1,1.6094379124341003
f,t,0,1,1,1.6094379124341003
e,k,0,1,1,1.6094379124341003
t,ó,0,1,1,1.6094379124341003
m,?,0,0,2,0.9162907318741551
k,-,0,0,2,0.9162907318741551
l,à,0,1,2,0.9162907318741551
y,t,0,0,2,0.9162907318741551
à,?,0,1,2,0.9162907318741551
“,h,1,0,1,1.6094379124341003
’,n,0,0,1,1.6094379124341003
ñ,á,0,1,1,1.6094379124341003
p,é,0,1,2,0.9162907318741551
l,ò,0,1,1,1.6094379124341003
!,_,0,1,2,0.9162907318741551
ò,.,0,1,1,1.6094379124341003
à,_,0,1,1,1.6094379124341003
d,;,0,1,3,0.5108256237659907
ù,?,0,1,2,0.9162907318741551
p,ê,1,0,1,1.6094379124341003
h,",",0,1,4,0.22314355131420976
r,ô,0,0,2,0.9162907318741551
_,t,0,0,3,0.5108256237659907
s,i,1,1,4,0.22314355131420976
6,3,1,1,1,1.6094379124341003
l,e,1,0,5,0.0
—,!,0,0,1,1.6094379124341003
m,p,0,1,2,0.9162907318741551
á,o,0,1,1,1.6094379124341003
—,l,0,0,1,1.6094379124341003
1,3,1,0,1,1.6094379124341003
k,_,0,1,2,0.9162907318741551
n,í,0,0,1,1.6094379124341003
o,ô,0,0,1,1.6094379124341003
j,.,0,1,1,1.6094379124341003
k,e,1,0,3,0.5108256237659907
h,q,0,0,1,1.6094379124341003
s,u,0,1,1,1.6094379124341003
î,l,0,0,1,1.6094379124341003
s,r,1,0,1,1.6094379124341003
o,!,1,1,1,1.6094379124341003
s,k,1,0,1,1.6094379124341003
4,nothing,1,1,4,0.22314355131420976
è,?,1,0,1,1.6094379124341003
i,c,0,0,5,0.0
d,ì,0,1,1,1.6094379124341003
p,h,0,0,4,0.22314355131420976
f,i,1,0,5,0.0
:,—,0,0,1,1.6094379124341003
p,ó,1,0,2,0.9162907318741551
ê,t,0,0,1,1.6094379124341003
g,’,0,0,1,1.6094379124341003
e,h,0,1,2,0.9162907318741551
b,e,1,0,5,0.0
’,s,0,0,1,1.6094379124341003
p,",",0,1,3,0.5108256237659907
é,c,1,0,1,1.6094379124341003
«,c,1,0,4,0.22314355131420976
s,è,1,0,2,0.9162907318741551
r,»,0,0,4,0.22314355131420976
g,ó,0,0,1,1.6094379124341003
m,u,0,0,5,0.0
s,?,0,0,3,0.5108256237659907
«,8,1,1,1,1.6094379124341003
z,y,0,1,1,1.6094379124341003
j,;,1,1,1,1.6094379124341003
',l,0,0,1,1.6094379124341003
g,o,1,0,5,0.0
í,v,0,0,2,0.9162907318741551
c,h,0,1,2,0.9162907318741551
é,c,0,0,2,0.9162907318741551
»,?,0,0,1,1.6094379124341003
á,!,0,0,2,0.9162907318741551
g,é,1,0,2,0.9162907318741551
p,à,0,0,1,1.6094379124341003
á,v,1,0,1,1.6094379124341003
c,—,0,0,1,1.6094379124341003
-,s,0,0,4,0.22314355131420976
h,k,0,1,1,1.6094379124341003
z,z,0,0,3,0.5108256237659907
y,",",0,1,5,0.0
ü,e,0,0,1,1.6094379124341003
8,6,0,1,1,1.6094379124341003
p,ê,0,1,1,1.6094379124341003
g,y,0,1,1,1.6094379124341003
r,b,0,0,5,0.0
m,;,0,1,3,0.5108256237659907
’,p,0,0,1,1.6094379124341003
z,ê,0,0,1,1.6094379124341003
l,ì,0,1,1,1.6094379124341003
v,.,0,1,2,0.9162907318741551
t,y,0,0,3,0.5108256237659907
",",”,0,0,1,1.6094379124341003
t,z,0,0,2,0.9162907318741551
p,i,0,0,5,0.0
a,w,0,0,2,0.9162907318741551
),",",0,1,4,0.22314355131420976
z,m,0,0,2,0.9162907318741551
ê,m,0,1,1,1.6094379124341003
j,a,0,1,3,0.5108256237659907
¡,a,0,1,1,1.6094379124341003
p,y,1,0,2,0.9162907318741551
à,!,0,1,2,0.9162907318741551
_,’,0,0,1,1.6094379124341003
t,è,1,1,1,1.6094379124341003
h,_,0,1,2,0.9162907318741551
i,l,0,0,5,0.0
ê,;,0,1,1,1.6094379124341003
x,v,1,0,4,0.22314355131420976
e,a,0,0,5,0.0
ì,;,0,1,1,1.6094379124341003
7,2,0,1,1,1.6094379124341003
h,ú,1,0,1,1.6094379124341003
é,r,1,0,1,1.6094379124341003
a,;,0,0,1,1.6094379124341003
ô,z,0,0,1,1.6094379124341003
p,t,0,0,5,0.0
p,l,0,0,5,0.0
h,â,0,0,2,0.9162907318741551
x,i,0,1,1,1.6094379124341003
é,f,0,0,3,0.5108256237659907
k,o,1,0,1,1.6094379124341003
g,_,0,0,1,1.6094379124341003
í,m,0,0,1,1.6094379124341003
‘,n,1,0,1,1.6094379124341003
“,f,1,0,1,1.6094379124341003
ê,s,0,1,1,1.6094379124341003
s,q,0,0,5,0.0
è,.,0,1,1,1.6094379124341003
e,:,0,1,5,0.0
b,i,0,1,2,0.9162907318741551
j,a,0,0,5,0.0
f,a,1,1,1,1.6094379124341003
g,.,0,1,3,0.5108256237659907
2,6,1,0,1,1.6094379124341003
b,á,0,1,1,1.6094379124341003
b,a,1,0,5,0.0
4,2,0,1,1,1.6094379124341003
m,o,0,0,5,0.0
z,i,1,0,3,0.5108256237659907
',o,0,1,1,1.6094379124341003
ó,y,1,0,1,1.6094379124341003
s,f,1,0,1,1.6094379124341003
¡,n,0,0,1,1.6094379124341003
f,o,0,1,3,0.5108256237659907
d,á,0,0,1,1.6094379124341003
í,m,1,0,1,1.6094379124341003
c,.,0,0,2,0.9162907318741551
b,s,0,0,5,0.0
z,_,0,1,2,0.9162907318741551
h,a,0,0,5,0.0
o,ù,0,0,1,1.6094379124341003
u,h,1,0,1,1.6094379124341003
è,n,0,0,2,0.9162907318741551
a,w,1,0,1,1.6094379124341003
«,i,1,0,4,0.22314355131420976
é,a,0,0,2,0.9162907318741551
p,!,0,0,2,0.9162907318741551
t,—,0,0,1,1.6094379124341003
v,â,0,0,1,1.6094379124341003
y,ô,1,0,1,1.6094379124341003
y,r,0,0,4,0.22314355131420976
l,m,0,0,5,0.0
d,w,1,0,1,1.6094379124341003
r,í,0,0,1,1.6094379124341003
-,j,0,0,3,0.5108256237659907
b,u,1,0,5,0.0
r,u,0,0,5,0.0
v,o,0,1,3,0.5108256237659907
h,t,0,0,4,0.22314355131420976
o,b,0,1,2,0.9162907318741551
e,:,0,0,1,1.6094379124341003
é,n,1,0,1,1.6094379124341003
b,t,0,0,4,0.22314355131420976
’,.,0,1,1,1.6094379124341003
g,é,0,0,4,0.22314355131420976
é,;,0,1,3,0.5108256237659907
t,),0,0,1,1.6094379124341003
i,x,1,1,4,0.22314355131420976
l,ú,0,1,1,1.6094379124341003
d,ã,0,0,1,1.6094379124341003
u,-,0,0,3,0.5108256237659907
u,ç,0,0,1,1.6094379124341003
ã,s,0,1,1,1.6094379124341003
d,",",0,0,1,1.6094379124341003
¡,r,0,0,1,1.6094379124341003
y,?,0,1,3,0.5108256237659907
d,u,1,0,5,0.0
é,",",0,1,3,0.5108256237659907
c,y,0,0,4,0.22314355131420976
u,d,0,1,3,0.5108256237659907
i,!,0,1,4,0.22314355131420976
s,g,1,0,1,1.6094379124341003
o,»,0,1,2,0.9162907318741551
d,.,1,1,1,1.6094379124341003
‘,i,1,0,1,1.6094379124341003
f,),0,0,1,1.6094379124341003
",",”,0,1,1,1.6094379124341003
w,—,0,0,1,1.6094379124341003
l,ú,0,0,2,0.9162907318741551
?,!,0,1,1,1.6094379124341003
r,:,0,0,1,1.6094379124341003
o,n,0,1,5,0.0
i,s,0,0,5,0.0
-,y,0,0,3,0.5108256237659907
y,’,0,0,1,1.6094379124341003
p,ó,1,1,1,1.6094379124341003
a,d,0,0,5,0.0
v,.,1,1,2,0.9162907318741551
«,-,1,0,1,1.6094379124341003
d,—,0,0,1,1.6094379124341003
1,$,1,0,1,1.6094379124341003
r,s,0,0,5,0.0
s,á,1,0,1,1.6094379124341003
s,nothing,1,1,1,1.6094379124341003
u,a,0,0,5,0.0
z,é,0,1,2,0.9162907318741551
y,m,0,0,3,0.5108256237659907
k,?,0,0,1,1.6094379124341003
o,a,0,0,5,0.0
u,ó,0,0,1,1.6094379124341003
t,ó,1,0,2,0.9162907318741551
v,œ,1,0,1,1.6094379124341003
o,x,0,0,3,0.5108256237659907
e,u,1,1,2,0.9162907318741551
é,»,0,0,1,1.6094379124341003
1,8,1,1,2,0.9162907318741551
o,í,0,0,1,1.6094379124341003
y,—,0,0,1,1.6094379124341003
d,;,0,0,1,1.6094379124341003
i,s,0,1,5,0.0
m,',1,0,2,0.9162907318741551
s,d,1,0,1,1.6094379124341003
é,l,1,0,2,0.9162907318741551
y,é,0,0,3,0.5108256237659907
«,á,1,0,1,1.6094379124341003
«,j,1,0,2,0.9162907318741551
“,d,1,0,1,1.6094379124341003
ã,ã,0,1,1,1.6094379124341003
l,p,0,0,5,0.0
n,û,0,0,1,1.6094379124341003
é,d,1,0,1,1.6094379124341003
«,4,1,1,1,1.6094379124341003
¡,é,1,0,1,1.6094379124341003
ô,t,0,0,3,0.5108256237659907
b,r,0,0,5,0.0
m,',1,1,1,1.6094379124341003
p,a,1,1,1,1.6094379124341003
k,h,1,0,1,1.6094379124341003
e,r,0,1,5,0.0
d,v,0,0,4,0.22314355131420976
z,a,0,0,5,0.0
-,à,0,1,1,1.6094379124341003
l,!,0,0,3,0.5108256237659907
m,ã,1,0,1,1.6094379124341003
i,?,1,0,1,1.6094379124341003
v,e,0,1,5,0.0
n,a,1,1,2,0.9162907318741551
d,),0,0,1,1.6094379124341003
c,á,0,1,1,1.6094379124341003
',é,0,0,2,0.9162907318741551
m,c,0,0,1,1.6094379124341003
c,h,0,0,5,0.0
ô,nothing,1,1,1,1.6094379124341003
n,.,0,0,5,0.0
u,l,0,1,5,0.0
c,n,0,0,2,0.9162907318741551
ì,!,0,0,1,1.6094379124341003
«,ê,1,0,1,1.6094379124341003
r,î,0,1,1,1.6094379124341003
h,c,0,0,1,1.6094379124341003
c,ò,0,0,1,1.6094379124341003
b,ú,0,0,1,1.6094379124341003
‘,k,1,0,1,1.6094379124341003
r,y,0,1,3,0.5108256237659907
v,á,1,0,2,0.9162907318741551
«,2,1,0,1,1.6094379124341003
_,j,1,0,3,0.5108256237659907
i,;,0,1,4,0.22314355131420976
f,l,1,0,5,0.0
y,;,0,0,1,1.6094379124341003
a,l,1,1,2,0.9162907318741551
¡,d,1,0,1,1.6094379124341003
t,h,1,0,5,0.0
é,-,0,0,3,0.5108256237659907
ù,r,0,0,1,1.6094379124341003
y,ê,0,0,1,1.6094379124341003
s,ì,0,1,1,1.6094379124341003
e,á,0,0,2,0.9162907318741551
z,ú,0,0,2,0.9162907318741551
m,á,1,0,2,0.9162907318741551
a,j,0,0,5,0.0
1,1,0,0,1,1.6094379124341003
¡,v,0,0,1,1.6094379124341003
r,g,0,1,1,1.6094379124341003
3,2,1,0,1,1.6094379124341003
«,à,1,1,1,1.6094379124341003
h,ô,1,0,2,0.9162907318741551
h,?,0,1,2,0.9162907318741551
á,g,0,0,1,1.6094379124341003
.,-,0,0,3,0.5108256237659907
á,m,0,0,1,1.6094379124341003
p,õ,1,0,1,1.6094379124341003
t,c,0,0,3,0.5108256237659907
x,i,1,1,3,0.5108256237659907
u,—,0,0,1,1.6094379124341003
c,g,0,0,1,1.6094379124341003
¿,s,0,0,1,1.6094379124341003
b,o,0,1,3,0.5108256237659907
é,?,0,0,1,1.6094379124341003
t,],0,1,1,1.6094379124341003
_,o,0,1,1,1.6094379124341003
v,u,0,1,1,1.6094379124341003
r,g,0,0,5,0.0
o,-,0,0,4,0.22314355131420976
h,u,1,0,4,0.22314355131420976
n,n,0,1,2,0.9162907318741551
s,ó,1,0,2,0.9162907318741551
ñ,a,0,0,1,1.6094379124341003
t,_,0,1,3,0.5108256237659907
‘,m,0,0,1,1.6094379124341003
l,é,0,0,3,0.5108256237659907
g,r,0,0,5,0.0
o,»,0,0,3,0.5108256237659907
ì,?,0,1,1,1.6094379124341003
ô,x,0,0,1,1.6094379124341003
l,e,1,1,4,0.22314355131420976
o,h,1,0,4,0.22314355131420976
x,:,0,1,1,1.6094379124341003
x,nothing,1,1,3,0.5108256237659907
m,á,0,1,1,1.6094379124341003
s,ì,0,0,1,1.6094379124341003
s,e,1,1,4,0.22314355131420976
m,ê,1,0,1,1.6094379124341003
m,!,0,1,3,0.5108256237659907
l,ã,0,0,1,1.6094379124341003
—,s,0,0,1,1.6094379124341003
f,",",0,1,2,0.9162907318741551
n,j,0,0,3,0.5108256237659907
r,û,0,0,1,1.6094379124341003
ñ,a,0,1,1,1.6094379124341003
m,r,0,0,1,1.6094379124341003
d,ê,1,0,1,1.6094379124341003
s,n,1,0,2,0.9162907318741551
1,.,0,0,1,1.6094379124341003
e,s,1,0,5,0.0
á,u,0,1,1,1.6094379124341003
é,i,0,0,3,0.5108256237659907
«,_,1,0,3,0.5108256237659907
e,f,0,1,2,0.9162907318741551
t,á,1,0,2,0.9162907318741551
a,",",0,1,5,0.0
e,d,1,1,1,1.6094379124341003
á,»,0,1,1,1.6094379124341003
z,;,0,1,3,0.5108256237659907
ê,s,0,0,1,1.6094379124341003
s,',0,0,2,0.9162907318741551
’,t,1,1,1,1.6094379124341003
c,y,1,0,1,1.6094379124341003
b,b,0,0,4,0.22314355131420976
ô,r,0,1,1,1.6094379124341003
—,t,0,0,1,1.6094379124341003
ó,.,0,1,2,0.9162907318741551
m,è,0,0,2,0.9162907318741551
ô,!,0,1,1,1.6094379124341003
i,t,0,0,5,0.0
ú,p,0,0,1,1.6094379124341003
j,ó,0,0,2,0.9162907318741551
i,-,0,0,4,0.22314355131420976
4,-,0,0,1,1.6094379124341003
‘,t,0,0,1,1.6094379124341003
v,a,0,0,5,0.0
s,-,0,0,4,0.22314355131420976
w,b,0,0,1,1.6094379124341003
¡,l,0,0,1,1.6094379124341003
a,t,0,0,5,0.0
g,ü,1,0,1,1.6094379124341003
e,",",1,1,2,0.9162907318741551
p,ú,0,0,1,1.6094379124341003
c,ì,0,0,1,1.6094379124341003
4,.,0,0,1,1.6094379124341003
_,!,0,1,4,0.22314355131420976
i,f,1,0,1,1.6094379124341003
í,.,0,1,1,1.6094379124341003
:,-,0,0,2,0.9162907318741551
d,w,0,0,1,1.6094379124341003
!,),0,1,3,0.5108256237659907
9,.,0,0,1,1.6094379124341003
w,!,0,1,1,1.6094379124341003
p,o,0,0,5,0.0
a,;,1,0,1,1.6094379124341003
5,",",1,1,1,1.6094379124341003
é,",",1,1,1,1.6094379124341003
ì,o,0,1,1,1.6094379124341003
é,:,0,1,2,0.9162907318741551
—,a,0,1,1,1.6094379124341003
a,h,1,1,2,0.9162907318741551
r,a,0,0,5,0.0
o,a,0,1,2,0.9162907318741551
«,h,1,0,3,0.5108256237659907
u,.,0,0,4,0.22314355131420976
n,o,1,0,5,0.0
i,u,0,1,1,1.6094379124341003
2,4,1,0,1,1.6094379124341003
è,r,0,0,1,1.6094379124341003
u,í,0,1,1,1.6094379124341003
u,é,0,0,3,0.5108256237659907
o,c,1,0,5,0.0
l,.,0,1,5,0.0
h,i,0,1,3,0.5108256237659907
p,.,0,1,5,0.0
i,ù,0,1,1,1.6094379124341003
1,5,1,0,4,0.22314355131420976
p,b,0,0,1,1.6094379124341003
á,n,0,0,1,1.6094379124341003
h,e,1,1,3,0.5108256237659907
i,d,0,0,5,0.0
j,à,0,1,1,1.6094379124341003
c,ã,0,0,1,1.6094379124341003
-,w,0,0,1,1.6094379124341003
a,x,1,0,1,1.6094379124341003
j,é,0,1,1,1.6094379124341003
a,.,1,0,1,1.6094379124341003
m,.,0,1,4,0.22314355131420976
s,—,0,0,1,1.6094379124341003
o,’,0,1,1,1.6094379124341003
h,a,0,1,5,0.0
c,ç,0,0,1,1.6094379124341003
œ,u,0,0,2,0.9162907318741551
_,s,1,0,4,0.22314355131420976
l,ú,1,0,1,1.6094379124341003
c,u,0,1,1,1.6094379124341003
y,x,0,0,1,1.6094379124341003
i,m,0,1,4,0.22314355131420976
e,a,0,1,5,0.0
’,e,1,0,1,1.6094379124341003
e,h,1,0,3,0.5108256237659907
p,',0,0,2,0.9162907318741551
ü,r,0,1,1,1.6094379124341003
w,_,0,0,1,1.6094379124341003
t,ô,0,0,2,0.9162907318741551
_,?,0,0,4,0.22314355131420976
ô,z,0,1,1,1.6094379124341003
¡,t,1,0,1,1.6094379124341003
c,u,1,0,5,0.0
p,s,1,0,1,1.6094379124341003
n,º,0,1,1,1.6094379124341003
t,h,0,1,2,0.9162907318741551
(,a,1,0,3,0.5108256237659907
g,è,0,0,2,0.9162907318741551
_,s,0,0,3,0.5108256237659907
’,p,1,0,1,1.6094379124341003
t,ú,1,1,1,1.6094379124341003
á,n,1,0,1,1.6094379124341003
v,’,0,0,1,1.6094379124341003
à,.,0,1,2,0.9162907318741551
7,3,1,1,1,1.6094379124341003
r,_,0,1,4,0.22314355131420976
n,f,0,0,5,0.0
l,j,0,0,2,0.9162907318741551
è,s,0,0,1,1.6094379124341003
x,è,0,0,1,1.6094379124341003
ñ,í,0,0,1,1.6094379124341003
r,ú,0,0,2,0.9162907318741551
r,ã,0,0,1,1.6094379124341003
i,ç,0,0,1,1.6094379124341003
î,.,0,1,1,1.6094379124341003
ê,",",0,1,1,1.6094379124341003
ì,c,0,0,1,1.6094379124341003
r,.,1,0,1,1.6094379124341003
',î,0,0,1,1.6094379124341003
g,ü,0,0,1,1.6094379124341003
w,s,0,1,1,1.6094379124341003
c,-,0,0,2,0.9162907318741551
o,n,1,1,3,0.5108256237659907
é,;,1,1,1,1.6094379124341003
m,:,0,1,2,0.9162907318741551
è,g,0,0,2,0.9162907318741551
v,ê,1,0,2,0.9162907318741551
u,b,1,0,3,0.5108256237659907
w,",",0,0,1,1.6094379124341003
_,r,1,0,4,0.22314355131420976
n,k,0,1,2,0.9162907318741551
’,?,0,1,1,1.6094379124341003
i,",",1,0,1,1.6094379124341003
2,0,1,1,2,0.9162907318741551
(,s,1,0,3,0.5108256237659907
a,ç,0,0,2,0.9162907318741551
n,â,0,0,1,1.6094379124341003
a,?,0,1,5,0.0
_,¡,1,0,1,1.6094379124341003
r,i,1,0,5,0.0
o,b,0,0,5,0.0
s,ù,0,0,1,1.6094379124341003
s,»,0,1,2,0.9162907318741551
.,’,0,0,1,1.6094379124341003
d,-,0,0,4,0.22314355131420976
l,u,0,0,5,0.0
p,u,1,1,1,1.6094379124341003
r,ò,0,0,1,1.6094379124341003
t,?,0,0,2,0.9162907318741551
l,o,0,1,4,0.22314355131420976
ñ,á,0,0,1,1.6094379124341003
t,n,0,0,1,1.6094379124341003
y,g,0,0,2,0.9162907318741551
?,—,0,0,1,1.6094379124341003
y,s,0,0,3,0.5108256237659907
j,",",0,1,1,1.6094379124341003
é,?,1,1,1,1.6094379124341003
v,ò,0,1,1,1.6094379124341003
m,œ,1,0,1,1.6094379124341003
2,8,0,1,1,1.6094379124341003
g,a,0,1,3,0.5108256237659907
k,!,0,1,1,1.6094379124341003
¿,o,0,0,1,1.6094379124341003
t,b,0,0,2,0.9162907318741551
á,c,0,0,2,0.9162907318741551
î,n,0,0,1,1.6094379124341003
è,",",0,1,1,1.6094379124341003
n,e,1,1,2,0.9162907318741551
é,g,0,0,3,0.5108256237659907
<,t,1,0,1,1.6094379124341003
n,ú,1,0,2,0.9162907318741551
x,õ,0,0,1,1.6094379124341003
v,i,0,0,5,0.0
t,â,1,0,1,1.6094379124341003
ç,û,0,0,1,1.6094379124341003
2,0,1,0,1,1.6094379124341003
r,é,0,0,4,0.22314355131420976
¿,c,1,0,1,1.6094379124341003
u,f,0,1,1,1.6094379124341003
b,i,1,0,5,0.0
c,.,1,0,1,1.6094379124341003
x,i,0,0,4,0.22314355131420976
l,?,0,0,2,0.9162907318741551
á,n,0,1,1,1.6094379124341003
g,),0,0,1,1.6094379124341003
i,o,0,1,4,0.22314355131420976
t,;,0,0,1,1.6094379124341003
i,è,0,0,2,0.9162907318741551
ç,ã,0,0,1,1.6094379124341003
b,.,0,1,1,1.6094379124341003
e,m,1,0,5,0.0
l,l,0,0,5,0.0
i,p,0,0,5,0.0
u,m,0,0,5,0.0
í,t,0,0,2,0.9162907318741551
l,y,0,1,3,0.5108256237659907
7,",",0,1,1,1.6094379124341003
è,?,1,1,1,1.6094379124341003
r,’,0,0,1,1.6094379124341003
k,y,0,0,1,1.6094379124341003
n,",",0,1,5,0.0
t,o,1,0,5,0.0
—,c,0,0,1,1.6094379124341003
b,j,0,0,5,0.0
ú,!,0,0,1,1.6094379124341003
e,v,0,0,5,0.0
i,r,1,1,2,0.9162907318741551
5,7,1,1,1,1.6094379124341003
g,ê,0,0,1,1.6094379124341003
',è,0,0,1,1.6094379124341003
g,a,1,0,5,0.0
_,t,1,0,4,0.22314355131420976
n,ó,1,0,2,0.9162907318741551
ç,u,0,1,1,1.6094379124341003
l,!,0,1,4,0.22314355131420976
o,’,1,0,1,1.6094379124341003
¡,d,0,0,1,1.6094379124341003
g,l,0,0,5,0.0
_,q,0,0,2,0.9162907318741551
r,?,0,1,5,0.0
.,?,0,1,2,0.9162907318741551
ñ,o,0,0,1,1.6094379124341003
p,á,0,1,1,1.6094379124341003
u,v,1,0,1,1.6094379124341003
h,-,0,0,1,1.6094379124341003
é,s,1,1,1,1.6094379124341003
¡,o,0,0,1,1.6094379124341003
m,?,0,1,3,0.5108256237659907
v,í,0,0,1,1.6094379124341003
z,ò,0,0,1,1.6094379124341003
e,i,0,0,5,0.0
e,?,0,1,5,0.0
k,c,0,0,1,1.6094379124341003
m,ô,0,0,1,1.6094379124341003
e,n,0,0,5,0.0
k,y,0,1,1,1.6094379124341003
i,l,0,1,5,0.0
a,),0,1,3,0.5108256237659907
l,.,1,0,1,1.6094379124341003
ó,g,0,0,1,1.6094379124341003
m,-,0,0,2,0.9162907318741551
l,_,0,0,3,0.5108256237659907
‘,m,1,0,1,1.6094379124341003
x,.,1,1,1,1.6094379124341003
a,’,0,1,1,1.6094379124341003
0,1,0,1,1,1.6094379124341003
o,û,0,0,1,1.6094379124341003
c,ô,1,0,2,0.9162907318741551
w,e,1,0,3,0.5108256237659907
m,b,0,1,1,1.6094379124341003
s,v,1,0,1,1.6094379124341003
d,y,0,0,2,0.9162907318741551
p,ã,0,0,1,1.6094379124341003
b,í,1,0,1,1.6094379124341003
ô,c,0,0,1,1.6094379124341003
u,â,0,0,1,1.6094379124341003
d,u,0,0,5,0.0
h,.,0,1,2,0.9162907318741551
l,b,0,0,5,0.0
f,á,0,0,2,0.9162907318741551
f,y,0,0,1,1.6094379124341003
m,á,1,1,1,1.6094379124341003
n,º,1,1,1,1.6094379124341003
o,j,0,0,5,0.0
l,s,0,1,2,0.9162907318741551
w,",",0,1,1,1.6094379124341003
p,ô,1,0,1,1.6094379124341003
e,f,1,0,5,0.0
e,h,1,1,2,0.9162907318741551
j,à,0,0,1,1.6094379124341003
-,ã,0,0,1,1.6094379124341003
o,m,0,1,3,0.5108256237659907
1,2,1,0,3,0.5108256237659907
v,e,1,1,2,0.9162907318741551
è,?,0,0,1,1.6094379124341003
h,é,1,0,2,0.9162907318741551
c,.,0,1,5,0.0
y,c,0,0,2,0.9162907318741551
j,o,0,0,5,0.0
f,é,1,0,3,0.5108256237659907
r,",",0,1,5,0.0
t,’,1,1,1,1.6094379124341003
y,",",1,1,1,1.6094379124341003
i,e,0,0,5,0.0
a,n,1,1,3,0.5108256237659907
w,s,0,0,1,1.6094379124341003
n,é,0,0,3,0.5108256237659907
o,x,0,1,1,1.6094379124341003
-,z,0,0,1,1.6094379124341003
x,q,0,0,2,0.9162907318741551
p,â,1,0,1,1.6094379124341003
(,e,1,1,2,0.9162907318741551
c,á,0,0,2,0.9162907318741551
(,y,1,1,1,1.6094379124341003
4,.,0,1,1,1.6094379124341003
a,’,1,0,1,1.6094379124341003
o,.,0,0,5,0.0
v,é,0,0,3,0.5108256237659907
a,h,1,0,5,0.0
m,p,0,0,5,0.0
s,ú,0,0,2,0.9162907318741551
s,],0,1,1,1.6094379124341003
f,ô,1,0,1,1.6094379124341003
h,;,0,1,1,1.6094379124341003
_,:,0,1,2,0.9162907318741551
ê,t,1,0,1,1.6094379124341003
n,á,1,0,1,1.6094379124341003
f,i,0,0,5,0.0
i,v,1,0,3,0.5108256237659907
ô,l,0,0,2,0.9162907318741551
o,ù,0,1,1,1.6094379124341003
t,u,0,0,5,0.0
b,ô,1,0,1,1.6094379124341003
x,:,0,0,1,1.6094379124341003
ú,s,0,1,2,0.9162907318741551
t,í,0,1,1,1.6094379124341003
g,o,0,0,5,0.0
i,’,1,1,1,1.6094379124341003
t,:,0,1,3,0.5108256237659907
u,;,0,1,3,0.5108256237659907
m,t,0,0,3,0.5108256237659907
t,.,1,0,1,1.6094379124341003
e,ó,0,0,1,1.6094379124341003
ú,v,0,0,2,0.9162907318741551
a,nothing,1,1,5,0.0
6,.,0,1,1,1.6094379124341003
f,),0,1,1,1.6094379124341003
c,é,1,0,3,0.5108256237659907
a,p,0,1,1,1.6094379124341003
c,í,0,0,1,1.6094379124341003
ç,â,0,0,1,1.6094379124341003
u,q,0,0,3,0.5108256237659907
«,v,1,0,4,0.22314355131420976
ü,h,0,0,1,1.6094379124341003
s,é,0,0,3,0.5108256237659907
2,3,1,1,1,1.6094379124341003
d,?,0,0,2,0.9162907318741551
—,g,0,0,1,1.6094379124341003
y,i,1,0,1,1.6094379124341003
e,m,1,1,2,0.9162907318741551
é,m,0,1,1,1.6094379124341003
v,ó,0,1,2,0.9162907318741551
p,o,1,0,5,0.0
s,í,1,1,1,1.6094379124341003
x,.,1,0,1,1.6094379124341003
c,î,0,1,1,1.6094379124341003
m,é,0,1,1,1.6094379124341003
f,f,0,0,4,0.22314355131420976
e,m,0,1,2,0.9162907318741551
a,r,0,0,5,0.0
m,î,1,0,1,1.6094379124341003
w,r,1,0,1,1.6094379124341003
ê,n,0,0,1,1.6094379124341003
t,y,1,0,3,0.5108256237659907
é,o,0,0,2,0.9162907318741551
ã,s,0,0,1,1.6094379124341003
t,.,0,1,4,0.22314355131420976
8,6,0,0,2,0.9162907318741551
s,p,1,0,5,0.0
e,y,0,1,3,0.5108256237659907
ú,!,0,1,1,1.6094379124341003
k,",",0,0,1,1.6094379124341003
«,o,1,0,2,0.9162907318741551
p,ì,0,1,1,1.6094379124341003
o,!,0,0,4,0.22314355131420976
’,m,0,0,1,1.6094379124341003
t,i,0,1,4,0.22314355131420976
8,4,1,0,1,1.6094379124341003
o,t,0,1,3,0.5108256237659907
l,è,1,0,1,1.6094379124341003
k,m,0,0,1,1.6094379124341003
m,’,0,0,1,1.6094379124341003
s,v,0,0,3,0.5108256237659907
j,á,1,1,1,1.6094379124341003
î,m,0,0,1,1.6094379124341003
o,_,0,0,3,0.5108256237659907
(,v,1,0,3,0.5108256237659907
_,e,0,0,2,0.9162907318741551
p,à,0,1,1,1.6094379124341003
v,a,0,1,4,0.22314355131420976
s,',1,0,2,0.9162907318741551
o,d,0,1,3,0.5108256237659907
?,-,0,0,2,0.9162907318741551
c,?,0,1,1,1.6094379124341003
u,p,0,0,5,0.0
w,_,0,1,1,1.6094379124341003
é,b,0,0,3,0.5108256237659907
w,d,0,0,1,1.6094379124341003
c,a,1,0,5,0.0
t,’,0,1,1,1.6094379124341003
7,.,1,1,1,1.6094379124341003
',à,0,1,1,1.6094379124341003
p,?,0,1,1,1.6094379124341003
¿,u,1,0,1,1.6094379124341003
a,t,0,1,3,0.5108256237659907
d,f,0,0,1,1.6094379124341003
s,í,1,0,1,1.6094379124341003
é,n,0,1,1,1.6094379124341003
j,í,0,0,1,1.6094379124341003
o,!,0,1,4,0.22314355131420976
8,3,1,1,1,1.6094379124341003
_,l,1,0,4,0.22314355131420976
.,’,0,1,1,1.6094379124341003
n,u,0,0,5,0.0
ú,a,0,1,2,0.9162907318741551
s,m,1,0,2,0.9162907318741551
u,!,0,0,2,0.9162907318741551
m,õ,0,0,1,1.6094379124341003
‘,q,1,0,1,1.6094379124341003
«,q,1,0,3,0.5108256237659907
n,d,0,1,4,0.22314355131420976
h,h,0,0,1,1.6094379124341003
o,r,1,1,2,0.9162907318741551
1,0,1,0,1,1.6094379124341003
l,l,0,1,2,0.9162907318741551
à,i,0,1,1,1.6094379124341003
‘,o,1,1,1,1.6094379124341003
a,u,0,1,4,0.22314355131420976
é,b,1,0,1,1.6094379124341003
b,t,0,1,1,1.6094379124341003
r,t,0,0,5,0.0
8,9,0,0,1,1.6094379124341003
s,",",0,0,2,0.9162907318741551
h,o,1,1,1,1.6094379124341003
‘,h,1,0,1,1.6094379124341003
é,a,0,1,1,1.6094379124341003
i,!,0,0,2,0.9162907318741551
á,r,0,0,2,0.9162907318741551
x,p,0,0,4,0.22314355131420976
‘,t,1,0,1,1.6094379124341003
¡,b,1,0,1,1.6094379124341003
û,t,0,1,1,1.6094379124341003
“,i,1,0,1,1.6094379124341003
í,f,0,0,1,1.6094379124341003
h,.,1,0,1,1.6094379124341003
j,i,1,0,2,0.9162907318741551
¿,p,1,0,1,1.6094379124341003
(,d,1,0,1,1.6094379124341003
t,u,1,0,5,0.0
s,á,0,1,1,1.6094379124341003
y,.,0,0,5,0.0
s,ã,0,1,1,1.6094379124341003
m,y,1,1,2,0.9162907318741551
w,l,0,0,1,1.6094379124341003
o,a,1,0,2,0.9162907318741551
t,ä,0,0,1,1.6094379124341003
—,“,0,0,1,1.6094379124341003
x,h,0,0,4,0.22314355131420976
g,è,1,0,1,1.6094379124341003
6,6,0,0,1,1.6094379124341003
o,’,0,0,1,1.6094379124341003
l,c,0,0,5,0.0
-,o,0,0,5,0.0
m,a,0,1,5,0.0
z,",",0,0,1,1.6094379124341003
¿,o,1,1,1,1.6094379124341003
í,;,0,1,1,1.6094379124341003
u,e,0,0,5,0.0
-,n,0,0,4,0.22314355131420976
m,_,0,0,3,0.5108256237659907
d,",",0,1,5,0.0
—,n,0,0,1,1.6094379124341003
a,v,0,0,5,0.0
-,d,0,0,4,0.22314355131420976
a,j,1,0,5,0.0
w,),0,1,1,1.6094379124341003
e,s,1,1,3,0.5108256237659907
é,?,1,0,1,1.6094379124341003
h,y,1,0,3,0.5108256237659907
d,û,1,1,1,1.6094379124341003
l,a,1,1,4,0.22314355131420976
s,m,0,0,5,0.0
a,z,0,1,2,0.9162907318741551
a,n,0,0,5,0.0
l,»,0,0,2,0.9162907318741551
d,n,0,1,1,1.6094379124341003
è,v,0,0,1,1.6094379124341003
¡,r,1,0,1,1.6094379124341003
ó,s,1,0,1,1.6094379124341003
m,f,0,0,3,0.5108256237659907
.,:,0,1,1,1.6094379124341003
b,ó,1,0,2,0.9162907318741551
u,g,0,1,1,1.6094379124341003
y,w,0,0,1,1.6094379124341003
a,i,1,0,5,0.0
f,;,0,1,1,1.6094379124341003
b,v,0,0,2,0.9162907318741551
e,ì,0,1,1,1.6094379124341003
‘,b,1,0,1,1.6094379124341003
r,á,1,0,1,1.6094379124341003
p,y,0,0,3,0.5108256237659907
ó,:,0,1,2,0.9162907318741551
(,é,1,1,1,1.6094379124341003
«,p,0,0,1,1.6094379124341003
q,u,0,0,5,0.0
d,ó,0,0,1,1.6094379124341003
á,q,0,0,1,1.6094379124341003
v,î,0,0,1,1.6094379124341003
d,a,1,1,3,0.5108256237659907
e,r,1,1,1,1.6094379124341003
n,q,0,0,5,0.0
d,j,0,0,3,0.5108256237659907
o,e,1,0,1,1.6094379124341003
.,.,1,0,2,0.9162907318741551
m,o,1,0,5,0.0
1,0,0,1,2,0.9162907318741551
o,ù,1,1,1,1.6094379124341003
’,t,0,1,1,1.6094379124341003
!,’,0,1,1,1.6094379124341003
*,*,1,0,1,1.6094379124341003
p,e,0,0,5,0.0
l,f,0,1,1,1.6094379124341003
v,á,0,1,1,1.6094379124341003
à,.,0,0,1,1.6094379124341003
¡,m,1,0,1,1.6094379124341003
—,‘,0,0,1,1.6094379124341003
b,ó,0,1,1,1.6094379124341003
;,-,0,0,1,1.6094379124341003
v,í,1,0,2,0.9162907318741551
b,è,0,0,1,1.6094379124341003
í,a,0,1,1,1.6094379124341003
¡,h,0,0,1,1.6094379124341003
x,a,0,0,4,0.22314355131420976
m,i,0,0,5,0.0
i,i,1,0,5,0.0
o,í,1,0,1,1.6094379124341003
r,ê,0,0,2,0.9162907318741551
c,ì,0,1,1,1.6094379124341003
r,c,0,0,5,0.0
d,_,0,1,2,0.9162907318741551
m,—,0,0,1,1.6094379124341003
i,l,1,0,5,0.0
',h,0,0,3,0.5108256237659907
é,e,0,1,1,1.6094379124341003
r,í,0,1,1,1.6094379124341003
s,y,0,0,3,0.5108256237659907
p,.,1,1,2,0.9162907318741551
l,à,0,0,1,1.6094379124341003
r,ô,1,0,2,0.9162907318741551
z,',0,0,1,1.6094379124341003
é,l,0,0,3,0.5108256237659907
c,i,1,1,1,1.6094379124341003
2,4,1,1,1,1.6094379124341003
c,o,0,1,4,0.22314355131420976
ó,y,0,0,1,1.6094379124341003
4,",",0,1,1,1.6094379124341003
g,-,0,0,2,0.9162907318741551
h,o,0,1,5,0.0
¡,m,0,0,1,1.6094379124341003
g,i,1,0,4,0.22314355131420976
o,z,0,1,2,0.9162907318741551
r,!,0,0,2,0.9162907318741551
’,_,0,0,1,1.6094379124341003
i,k,0,0,1,1.6094379124341003
e,u,1,0,5,0.0
ô,.,0,1,1,1.6094379124341003
a,!,0,1,5,0.0
0,5,0,1,1,1.6094379124341003
¿,l,1,0,1,1.6094379124341003
l,ç,0,0,1,1.6094379124341003
p,),0,0,1,1.6094379124341003
6,3,0,1,1,1.6094379124341003
ó,l,0,1,1,1.6094379124341003
u,?,0,0,2,0.9162907318741551
î,t,0,1,1,1.6094379124341003
i,o,1,1,1,1.6094379124341003
é,s,1,0,1,1.6094379124341003
m,",",0,1,5,0.0
d,.,1,0,1,1.6094379124341003
f,.,1,0,1,1.6094379124341003
u,?,0,1,4,0.22314355131420976
w,a,1,0,4,0.22314355131420976
-,.,0,0,1,1.6094379124341003
m,y,0,0,2,0.9162907318741551
¿,l,0,0,1,1.6094379124341003
ç,a,0,0,2,0.9162907318741551
(,¡,1,0,1,1.6094379124341003
f,y,0,1,1,1.6094379124341003
x,c,0,0,4,0.22314355131420976
n,l,0,0,4,0.22314355131420976
t,a,1,1,1,1.6094379124341003
w,h,1,0,1,1.6094379124341003
î,t,0,0,1,1.6094379124341003
n,i,1,0,5,0.0
ú,.,0,1,2,0.9162907318741551
h,é,0,1,1,1.6094379124341003
o,',1,0,1,1.6094379124341003
z,c,0,0,1,1.6094379124341003
b,-,0,0,1,1.6094379124341003
h,n,0,0,4,0.22314355131420976
o,z,0,0,4,0.22314355131420976
o,è,0,1,1,1.6094379124341003
s,é,1,1,1,1.6094379124341003
f,.,0,0,1,1.6094379124341003
ô,_,0,0,1,1.6094379124341003
c,ó,0,0,1,1.6094379124341003
o,c,0,1,1,1.6094379124341003
e,f,0,0,5,0.0
—,p,0,0,1,1.6094379124341003
m,u,1,1,1,1.6094379124341003
5,9,1,1,1,1.6094379124341003
h,í,1,0,1,1.6094379124341003
o,g,1,0,4,0.22314355131420976
d,á,1,0,2,0.9162907318741551
k,p,0,0,1,1.6094379124341003
l,ó,1,0,1,1.6094379124341003
e,!,0,1,5,0.0
i,v,0,1,2,0.9162907318741551
«,o,0,1,1,1.6094379124341003
œ,p,0,0,1,1.6094379124341003
ó,l,0,0,2,0.9162907318741551
s,w,1,0,1,1.6094379124341003
¡,h,1,0,1,1.6094379124341003
?,_,0,1,2,0.9162907318741551
i,p,0,1,1,1.6094379124341003
6,0,0,0,1,1.6094379124341003
ñ,u,0,0,1,1.6094379124341003
i,l,1,1,2,0.9162907318741551
.,p,0,0,1,1.6094379124341003
o,h,0,0,5,0.0
s,k,0,1,1,1.6094379124341003
*,nothing,1,1,3,0.5108256237659907
.,—,0,0,1,1.6094379124341003
s,",",1,1,1,1.6094379124341003
(,¿,1,0,1,1.6094379124341003
3,5,1,1,1,1.6094379124341003
1,.,0,1,1,1.6094379124341003
r,j,0,0,4,0.22314355131420976
á,l,0,0,1,1.6094379124341003
—,e,0,0,1,1.6094379124341003
p,;,0,1,1,1.6094379124341003
i,x,0,0,4,0.22314355131420976
n,m,0,0,3,0.5108256237659907
d,’,0,0,1,1.6094379124341003
y,ô,0,0,1,1.6094379124341003
n,í,1,0,1,1.6094379124341003
e,h,0,0,5,0.0
s,a,1,1,3,0.5108256237659907
h,’,0,1,1,1.6094379124341003
b,é,0,0,2,0.9162907318741551
u,é,0,1,3,0.5108256237659907
e,a,1,0,2,0.9162907318741551
m,u,1,0,5,0.0
o,;,0,1,4,0.22314355131420976
ê,c,0,0,1,1.6094379124341003
7,9,0,1,1,1.6094379124341003
u,y,0,1,2,0.9162907318741551
k,!,0,0,1,1.6094379124341003
í,d,0,0,1,1.6094379124341003
ç,õ,0,0,1,1.6094379124341003
o,',0,1,1,1.6094379124341003
-,c,0,0,5,0.0
r,ú,1,0,1,1.6094379124341003
-,f,0,0,4,0.22314355131420976
e,d,1,0,4,0.22314355131420976
a,g,0,0,5,0.0
«,5,1,1,1,1.6094379124341003
a,i,0,0,5,0.0
n,a,0,0,5,0.0
2,8,1,0,1,1.6094379124341003
i,g,0,0,5,0.0
a,:,0,0,1,1.6094379124341003
o,w,0,0,2,0.9162907318741551
—,’,0,1,1,1.6094379124341003
h,ã,0,1,1,1.6094379124341003
-,m,0,1,1,1.6094379124341003
v,r,0,0,3,0.5108256237659907
i,p,1,0,1,1.6094379124341003
b,m,0,0,2,0.9162907318741551
w,n,0,0,2,0.9162907318741551
—,w,0,0,1,1.6094379124341003
g,ã,0,0,1,1.6094379124341003
h,í,0,0,1,1.6094379124341003
ã,:,0,1,1,1.6094379124341003
x,t,0,1,1,1.6094379124341003
t,ì,0,1,1,1.6094379124341003
ó,x,1,0,1,1.6094379124341003
h,í,0,1,1,1.6094379124341003
u,d,0,0,5,0.0
«,s,0,0,1,1.6094379124341003
u,p,1,0,1,1.6094379124341003
u,:,0,1,2,0.9162907318741551
v,é,0,1,1,1.6094379124341003
b,ã,0,0,1,1.6094379124341003
l,h,1,0,1,1.6094379124341003
u,.,0,1,5,0.0
(,e,1,0,4,0.22314355131420976
b,e,0,0,5,0.0
2,4,0,1,1,1.6094379124341003
—,h,0,0,1,1.6094379124341003
e,ú,0,0,1,1.6094379124341003
d,i,0,0,5,0.0
d,ì,1,1,1,1.6094379124341003
p,è,1,0,1,1.6094379124341003
o,k,0,0,3,0.5108256237659907
h,:,0,1,1,1.6094379124341003
p,",",0,0,1,1.6094379124341003
f,â,1,0,1,1.6094379124341003
x,o,0,1,2,0.9162907318741551
4,7,0,0,1,1.6094379124341003
_,c,1,0,4,0.22314355131420976
p,’,0,0,1,1.6094379124341003
i,’,0,1,1,1.6094379124341003
y,a,0,0,5,0.0
e,nothing,1,1,3,0.5108256237659907
l,;,0,1,4,0.22314355131420976
í,b,1,0,1,1.6094379124341003
x,x,1,0,1,1.6094379124341003
r,ó,1,0,2,0.9162907318741551
b,é,1,0,1,1.6094379124341003
í,c,0,0,1,1.6094379124341003
w,;,0,0,1,1.6094379124341003
ì,:,0,1,1,1.6094379124341003
0,8,0,1,1,1.6094379124341003
p,-,0,0,1,1.6094379124341003
l,i,1,1,2,0.9162907318741551
s,â,0,0,1,1.6094379124341003
a,y,0,0,5,0.0
b,a,0,0,5,0.0
f,é,1,1,1,1.6094379124341003
a,y,1,0,4,0.22314355131420976
e,.,1,1,3,0.5108256237659907
á,f,0,0,1,1.6094379124341003
g,—,0,0,1,1.6094379124341003
b,d,0,0,2,0.9162907318741551
k,s,0,0,2,0.9162907318741551
á,t,0,0,1,1.6094379124341003
u,w,0,0,1,1.6094379124341003
ò,:,0,1,1,1.6094379124341003
g,n,0,0,5,0.0
o,p,0,0,5,0.0
o,ù,1,0,1,1.6094379124341003
r,",",0,0,2,0.9162907318741551
y,p,0,0,3,0.5108256237659907
p,ê,0,0,2,0.9162907318741551
«,a,0,1,1,1.6094379124341003
c,a,0,1,3,0.5108256237659907
o,y,0,0,4,0.22314355131420976
m,q,0,0,1,1.6094379124341003
e,d,0,0,5,0.0
0,0,0,0,2,0.9162907318741551
ú,t,1,0,1,1.6094379124341003
r,i,0,0,5,0.0
è,.,0,0,1,1.6094379124341003
s,ì,1,0,1,1.6094379124341003
h,d,0,1,1,1.6094379124341003
ì,",",0,1,1,1.6094379124341003
á,s,0,1,2,0.9162907318741551
d,è,0,0,1,1.6094379124341003
¡,g,1,0,1,1.6094379124341003
b,i,0,0,5,0.0
e,),0,1,2,0.9162907318741551
g,y,0,0,1,1.6094379124341003
m,s,0,1,2,0.9162907318741551
w,.,0,1,1,1.6094379124341003
c,_,0,1,2,0.9162907318741551
i,!,1,0,1,1.6094379124341003
l,t,0,1,1,1.6094379124341003
l,i,0,1,4,0.22314355131420976
",",—,0,0,1,1.6094379124341003
j,u,1,0,5,0.0
l,u,1,1,1,1.6094379124341003
',y,0,1,1,1.6094379124341003
.,t,0,0,1,1.6094379124341003
i,a,0,1,5,0.0
h,e,0,0,5,0.0
t,ù,0,0,1,1.6094379124341003
ï,s,0,0,1,1.6094379124341003
‘,w,1,0,1,1.6094379124341003
i,x,1,0,1,1.6094379124341003
ô,t,0,1,1,1.6094379124341003
ê,a,0,1,1,1.6094379124341003
.,”,0,0,1,1.6094379124341003
j,e,1,1,1,1.6094379124341003
c,d,0,0,1,1.6094379124341003
s,u,1,0,5,0.0
t,s,0,0,4,0.22314355131420976
',ê,0,0,1,1.6094379124341003
p,u,0,1,1,1.6094379124341003
5,3,1,1,1,1.6094379124341003
.,_,0,0,1,1.6094379124341003
í,-,0,0,1,1.6094379124341003
ê,.,0,1,1,1.6094379124341003
l,w,0,0,1,1.6094379124341003
a,o,1,0,1,1.6094379124341003
m,),0,1,2,0.9162907318741551
‘,g,1,0,1,1.6094379124341003
0,6,0,1,1,1.6094379124341003
l,ê,0,1,1,1.6094379124341003
m,l,0,0,1,1.6094379124341003
b,",",1,1,1,1.6094379124341003
p,í,0,0,1,1.6094379124341003
?,”,0,1,1,1.6094379124341003
i,j,1,0,1,1.6094379124341003
o,h,0,1,1,1.6094379124341003
ó,.,0,0,1,1.6094379124341003
_,f,1,0,4,0.22314355131420976
!,:,0,1,1,1.6094379124341003
e,.,0,1,5,0.0
r,r,0,0,5,0.0
x,?,0,1,2,0.9162907318741551
_,c,0,0,1,1.6094379124341003
',c,0,0,1,1.6094379124341003
ú,_,0,0,1,1.6094379124341003
_,a,0,0,2,0.9162907318741551
s,t,0,1,4,0.22314355131420976
f,u,0,0,5,0.0
v,e,1,0,5,0.0
c,e,0,0,5,0.0
o,w,0,1,2,0.9162907318741551
t,à,0,1,1,1.6094379124341003
d,.,0,1,4,0.22314355131420976
o,k,0,1,1,1.6094379124341003
a,o,0,0,4,0.22314355131420976
w,o,0,1,1,1.6094379124341003
i,?,0,1,3,0.5108256237659907
a,r,0,1,5,0.0
w,i,1,0,2,0.9162907318741551
v,r,1,0,1,1.6094379124341003
z,u,0,0,5,0.0
v,ê,0,1,1,1.6094379124341003
c,t,0,1,2,0.9162907318741551
a,i,0,1,3,0.5108256237659907
o,),0,0,4,0.22314355131420976
ú,d,0,0,1,1.6094379124341003
n,;,0,1,5,0.0
-,k,0,0,1,1.6094379124341003
u,f,0,0,5,0.0
u,z,1,0,1,1.6094379124341003
.,»,0,0,2,0.9162907318741551
d,a,0,0,5,0.0
g,ú,0,0,1,1.6094379124341003
v,á,0,0,2,0.9162907318741551
o,g,0,0,5,0.0
o,y,0,1,4,0.22314355131420976
_,n,1,0,4,0.22314355131420976
e,»,0,0,4,0.22314355131420976
t,r,0,0,5,0.0
u,g,1,0,2,0.9162907318741551
r,é,0,1,2,0.9162907318741551
ù,?,0,0,1,1.6094379124341003
t,r,1,0,5,0.0
r,d,0,1,4,0.22314355131420976
‘,p,1,0,1,1.6094379124341003
n,b,0,0,3,0.5108256237659907
b,ó,0,0,1,1.6094379124341003
c,a,1,1,1,1.6094379124341003
û,l,0,0,1,1.6094379124341003
i,b,1,0,1,1.6094379124341003
t,i,0,0,5,0.0
h,.,0,0,2,0.9162907318741551
u,",",0,0,1,1.6094379124341003
¿,y,0,1,1,1.6094379124341003
—,r,0,0,1,1.6094379124341003
5,2,0,1,1,1.6094379124341003
m,ê,0,1,1,1.6094379124341003
s,?,0,1,4,0.22314355131420976
e,t,1,0,5,0.0
t,è,0,0,2,0.9162907318741551
-,p,0,0,4,0.22314355131420976
(,r,1,0,2,0.9162907318741551
«,è,1,1,1,1.6094379124341003
’,i,0,0,1,1.6094379124341003
l,ü,0,0,1,1.6094379124341003
é,d,0,0,3,0.5108256237659907
¡,p,1,0,1,1.6094379124341003
v,',0,0,1,1.6094379124341003
h,),0,0,1,1.6094379124341003
g,s,0,0,1,1.6094379124341003
¿,p,0,0,1,1.6094379124341003
a,-,1,0,2,0.9162907318741551
r,ê,1,0,1,1.6094379124341003
a,í,0,0,1,1.6094379124341003
!,",",0,1,1,1.6094379124341003
y,),0,0,1,1.6094379124341003
0,4,0,0,1,1.6094379124341003
a,m,0,1,3,0.5108256237659907
o,c,0,0,5,0.0
l,i,0,0,5,0.0
x,x,0,0,1,1.6094379124341003
r,;,0,1,5,0.0
u,o,0,0,5,0.0
f,!,0,1,2,0.9162907318741551
«,f,1,0,3,0.5108256237659907
t,',1,0,2,0.9162907318741551
f,e,0,0,5,0.0
d,d,0,1,1,1.6094379124341003
m,h,0,0,1,1.6094379124341003
a,f,1,0,5,0.0
c,ó,1,0,2,0.9162907318741551
m,à,1,0,1,1.6094379124341003
c,k,0,1,2,0.9162907318741551
a,d,0,1,2,0.9162907318741551
-,a,0,1,2,0.9162907318741551
¡,s,1,0,1,1.6094379124341003
n,z,0,0,4,0.22314355131420976
r,e,0,0,5,0.0
b,u,0,1,3,0.5108256237659907
u,n,0,1,4,0.22314355131420976
f,â,0,0,1,1.6094379124341003
t,',0,0,3,0.5108256237659907
y,e,1,0,3,0.5108256237659907
¿,d,1,0,1,1.6094379124341003
ú,d,0,1,1,1.6094379124341003
i,—,1,0,1,1.6094379124341003
s,u,1,1,3,0.5108256237659907
y,:,0,1,2,0.9162907318741551
’,r,0,0,1,1.6094379124341003
k,;,0,1,1,1.6094379124341003
ò,;,0,1,1,1.6094379124341003
d,û,1,0,1,1.6094379124341003
’,;,0,0,1,1.6094379124341003
¡,y,0,1,1,1.6094379124341003
g,.,0,0,2,0.9162907318741551
w,t,0,0,1,1.6094379124341003
d,ô,0,1,1,1.6094379124341003
3,3,1,1,1,1.6094379124341003
b,â,1,0,1,1.6094379124341003
p,í,1,0,1,1.6094379124341003
a,a,0,0,1,1.6094379124341003
z,»,0,0,1,1.6094379124341003
g,í,0,0,1,1.6094379124341003
l,z,0,0,2,0.9162907318741551
d,!,0,0,2,0.9162907318741551
n,y,0,0,4,0.22314355131420976
8,4,1,1,2,0.9162907318741551
s,.,0,1,5,0.0
d,o,0,0,5,0.0
-,á,0,1,1,1.6094379124341003
ó,!,0,0,2,0.9162907318741551
n,y,0,1,3,0.5108256237659907
l,g,0,0,5,0.0
h,y,0,0,4,0.22314355131420976
i,f,0,1,2,0.9162907318741551
i,à,0,0,1,1.6094379124341003
ì,.,0,0,1,1.6094379124341003
j,e,1,0,5,0.0
—,o,0,1,1,1.6094379124341003
¡,v,1,0,1,1.6094379124341003
_,q,1,0,2,0.9162907318741551
_,x,1,0,2,0.9162907318741551
t,i,1,0,5,0.0
l,v,0,0,4,0.22314355131420976
_,-,0,0,2,0.9162907318741551
v,a,1,1,3,0.5108256237659907
f,u,1,1,1,1.6094379124341003
u,á,0,1,1,1.6094379124341003
u,m,1,0,3,0.5108256237659907
a,f,0,0,5,0.0
é,ñ,0,0,1,1.6094379124341003
i,_,0,1,4,0.22314355131420976
',i,0,0,3,0.5108256237659907
u,z,0,0,5,0.0
?,),0,0,2,0.9162907318741551
u,x,0,1,3,0.5108256237659907
n,q,0,1,1,1.6094379124341003
p,c,0,0,2,0.9162907318741551
',o,0,0,3,0.5108256237659907
w,o,1,1,1,1.6094379124341003
9,0,1,1,1,1.6094379124341003
¡,c,0,0,1,1.6094379124341003
o,n,1,0,5,0.0
n,ê,0,0,1,1.6094379124341003
j,ó,1,0,1,1.6094379124341003
g,y,1,0,1,1.6094379124341003
l,r,0,0,3,0.5108256237659907
‘,s,0,0,1,1.6094379124341003
!,.,0,0,3,0.5108256237659907
1,°,1,1,1,1.6094379124341003
b,y,1,0,2,0.9162907318741551
i,é,0,1,2,0.9162907318741551
n,_,0,1,4,0.22314355131420976
t,á,0,1,2,0.9162907318741551
v,u,0,0,5,0.0
0,",",0,1,2,0.9162907318741551
’,—,0,0,1,1.6094379124341003
m,i,1,1,3,0.5108256237659907
o,w,1,0,1,1.6094379124341003
p,ó,0,0,2,0.9162907318741551
-,-,1,0,3,0.5108256237659907
ó,n,0,0,2,0.9162907318741551
f,û,1,0,1,1.6094379124341003
n,é,1,0,3,0.5108256237659907
h,á,0,0,2,0.9162907318741551
¡,y,0,0,1,1.6094379124341003
r,ì,0,1,1,1.6094379124341003
w,u,1,0,1,1.6094379124341003
è,;,0,1,1,1.6094379124341003
r,e,1,1,1,1.6094379124341003
c,t,0,0,5,0.0
w,k,0,0,1,1.6094379124341003
a,o,1,1,1,1.6094379124341003
«,o,0,0,2,0.9162907318741551
1,7,1,0,2,0.9162907318741551
i,:,0,1,4,0.22314355131420976
0,},0,1,1,1.6094379124341003
n,ç,0,0,2,0.9162907318741551
z,:,0,1,2,0.9162907318741551
u,l,0,0,5,0.0
g,’,0,1,1,1.6094379124341003
’,m,0,1,1,1.6094379124341003
à,nothing,1,1,3,0.5108256237659907
l,h,0,0,3,0.5108256237659907
z,e,0,1,4,0.22314355131420976
j,u,0,0,5,0.0
s,h,0,1,1,1.6094379124341003
u,',0,0,3,0.5108256237659907
r,d,0,0,5,0.0
y,f,0,0,1,1.6094379124341003
s,»,0,0,3,0.5108256237659907
h,?,0,0,2,0.9162907318741551
ö,s,0,0,1,1.6094379124341003
g,i,0,0,5,0.0
u,b,0,0,5,0.0
m,ì,0,0,1,1.6094379124341003
x,é,0,0,1,1.6094379124341003
5,4,0,1,1,1.6094379124341003
y,b,0,0,2,0.9162907318741551
ô,o,0,0,1,1.6094379124341003
b,h,0,0,1,1.6094379124341003
(,u,1,0,3,0.5108256237659907
n,d,0,0,5,0.0
z,n,0,0,1,1.6094379124341003
o,l,0,0,5,0.0
_,o,1,0,4,0.22314355131420976
á,_,0,1,2,0.9162907318741551
¡,a,0,0,1,1.6094379124341003
z,.,0,1,3,0.5108256237659907
t,p,0,0,1,1.6094379124341003
e,g,0,0,5,0.0
u,’,0,1,1,1.6094379124341003
i,ó,0,1,1,1.6094379124341003
i,?,0,0,3,0.5108256237659907
e,q,0,0,5,0.0
i,ò,0,1,1,1.6094379124341003
x,o,0,0,3,0.5108256237659907
r,v,0,0,5,0.0
c,í,1,0,1,1.6094379124341003
l,á,0,1,2,0.9162907318741551
l,á,1,1,1,1.6094379124341003
r,r,0,1,1,1.6094379124341003
f,p,0,0,1,1.6094379124341003
e,û,1,0,1,1.6094379124341003
l,î,0,0,1,1.6094379124341003
b,e,1,1,2,0.9162907318741551
s,.,0,0,5,0.0
t,y,0,1,2,0.9162907318741551
e,g,0,1,1,1.6094379124341003
n,ó,0,0,2,0.9162907318741551
h,ó,0,1,1,1.6094379124341003
2,0,0,1,2,0.9162907318741551
o,h,1,1,2,0.9162907318741551
c,;,0,1,1,1.6094379124341003
¿,t,0,0,1,1.6094379124341003
:,»,0,1,1,1.6094379124341003
g,u,1,0,5,0.0
r,õ,0,0,1,1.6094379124341003
-,b,0,0,4,0.22314355131420976
r,í,1,0,1,1.6094379124341003
s,a,0,1,5,0.0
2,1,1,1,1,1.6094379124341003
n,),0,0,3,0.5108256237659907
u,r,0,0,5,0.0
-,e,0,0,4,0.22314355131420976
b,.,1,1,1,1.6094379124341003
r,u,0,1,1,1.6094379124341003
s,r,0,0,3,0.5108256237659907
ã,",",0,1,1,1.6094379124341003
_,m,0,0,2,0.9162907318741551
l,’,0,1,1,1.6094379124341003
n,',1,0,3,0.5108256237659907
í,g,0,0,1,1.6094379124341003
(,g,1,0,2,0.9162907318741551
f,s,0,0,2,0.9162907318741551
m,á,0,0,1,1.6094379124341003
a,w,0,1,1,1.6094379124341003
i,ñ,0,0,1,1.6094379124341003
‘,y,1,0,1,1.6094379124341003
r,ú,0,1,2,0.9162907318741551
t,à,0,0,1,1.6094379124341003
c,é,0,0,3,0.5108256237659907
u,c,1,0,1,1.6094379124341003
ó,",",0,1,2,0.9162907318741551
x,",",0,1,3,0.5108256237659907
',a,0,1,2,0.9162907318741551
e,x,0,1,1,1.6094379124341003
x,_,0,1,1,1.6094379124341003
l,ó,0,0,2,0.9162907318741551
“,n,1,0,1,1.6094379124341003
a,n,1,0,5,0.0
z,o,0,0,5,0.0
2,3,1,0,1,1.6094379124341003
p,a,1,0,5,0.0
y,_,0,1,2,0.9162907318741551
d,i,1,1,2,0.9162907318741551
o,?,0,0,4,0.22314355131420976
“,w,1,0,1,1.6094379124341003
|,|,1,1,1,1.6094379124341003
í,.,0,0,1,1.6094379124341003
f,.,0,1,2,0.9162907318741551
l,í,0,1,1,1.6094379124341003
n,.,1,0,1,1.6094379124341003
ú,;,0,1,1,1.6094379124341003
_,f,0,0,1,1.6094379124341003
d,ê,1,1,1,1.6094379124341003
p,:,0,1,1,1.6094379124341003
n,i,1,1,2,0.9162907318741551
?,!,0,0,1,1.6094379124341003
’,d,0,0,1,1.6094379124341003
s,ô,1,1,1,1.6094379124341003
/,*,1,1,1,1.6094379124341003
è,s,0,1,1,1.6094379124341003
i,b,0,0,5,0.0
ï,v,0,0,1,1.6094379124341003
l,ò,0,0,1,1.6094379124341003
r,z,0,0,3,0.5108256237659907
ì,?,0,0,1,1.6094379124341003
_,",",0,0,1,1.6094379124341003
_,;,0,1,4,0.22314355131420976
¡,y,1,0,1,1.6094379124341003
a,e,1,0,1,1.6094379124341003
z,",",0,1,3,0.5108256237659907
a,q,0,0,4,0.22314355131420976
¿,e,1,0,1,1.6094379124341003
ï,r,0,0,1,1.6094379124341003
i,á,0,0,2,0.9162907318741551
t,ú,0,1,1,1.6094379124341003
’,r,0,1,1,1.6094379124341003
.,;,0,1,3,0.5108256237659907
h,è,0,1,1,1.6094379124341003
ç,ó,0,0,1,1.6094379124341003
s,ó,1,1,1,1.6094379124341003
n,:,0,1,3,0.5108256237659907
y,»,0,0,1,1.6094379124341003
a,m,1,0,5,0.0
ô,",",0,1,1,1.6094379124341003
’,a,0,0,1,1.6094379124341003
f,r,1,0,5,0.0
t,a,1,0,5,0.0
s,),0,0,3,0.5108256237659907
3,6,0,1,1,1.6094379124341003
s,ê,1,0,1,1.6094379124341003
u,ï,0,1,1,1.6094379124341003
i,d,0,1,3,0.5108256237659907
ú,b,0,0,1,1.6094379124341003
o,.,1,1,1,1.6094379124341003
p,é,1,0,3,0.5108256237659907
ó,n,0,1,1,1.6094379124341003
h,á,0,1,1,1.6094379124341003
ô,y,0,0,1,1.6094379124341003
g,?,0,1,1,1.6094379124341003
i,t,1,0,5,0.0
i,c,0,1,3,0.5108256237659907
s,.,1,1,2,0.9162907318741551
a,z,0,0,5,0.0
t,í,1,0,1,1.6094379124341003
¿,c,0,0,1,1.6094379124341003
w,e,0,1,2,0.9162907318741551
a,d,1,1,1,1.6094379124341003
õ,e,0,1,1,1.6094379124341003
p,u,1,0,5,0.0
e,:,1,1,1,1.6094379124341003
n,è,1,1,1,1.6094379124341003
ã,ã,0,0,1,1.6094379124341003
x,ã,0,0,1,1.6094379124341003
ñ,ó,0,1,1,1.6094379124341003
*,.,0,0,1,1.6094379124341003
á,d,0,0,1,1.6094379124341003
f,o,0,0,5,0.0
d,t,0,0,1,1.6094379124341003
c,ã,1,0,1,1.6094379124341003
s,l,0,0,5,0.0
s,g,0,0,5,0.0
z,.,0,0,2,0.9162907318741551
k,e,0,1,1,1.6094379124341003
f,’,0,0,1,1.6094379124341003
û,m,0,0,1,1.6094379124341003
p,’,0,1,1,1.6094379124341003
(,_,1,0,1,1.6094379124341003
t,s,0,1,5,0.0
r,o,0,1,5,0.0
l,a,0,0,5,0.0
e,!,0,0,5,0.0
ù,.,0,0,1,1.6094379124341003
o,y,1,0,2,0.9162907318741551
â,g,1,0,1,1.6094379124341003
9,0,0,0,3,0.5108256237659907
c,i,0,0,5,0.0
p,.,0,0,2,0.9162907318741551
f,i,0,1,1,1.6094379124341003
u,e,0,1,5,0.0
«,d,1,0,4,0.22314355131420976
h,d,0,0,1,1.6094379124341003
_,é,1,0,1,1.6094379124341003
d,),0,1,1,1.6094379124341003
k,",",0,1,3,0.5108256237659907
’,y,0,1,1,1.6094379124341003
n,',0,0,3,0.5108256237659907
á,s,0,0,2,0.9162907318741551
a,ç,1,0,1,1.6094379124341003
5,6,0,1,1,1.6094379124341003
u,x,0,0,4,0.22314355131420976
8,.,0,1,1,1.6094379124341003
r,nothing,1,1,1,1.6094379124341003
n,ô,0,0,1,1.6094379124341003
x,v,0,0,1,1.6094379124341003
t,õ,0,0,1,1.6094379124341003
n,n,0,0,5,0.0
?,»,0,1,3,0.5108256237659907
$,5,0,0,1,1.6094379124341003
;,’,0,1,1,1.6094379124341003
u,s,0,0,5,0.0
_,!,0,0,3,0.5108256237659907
z,o,1,0,1,1.6094379124341003
l,),0,0,2,0.9162907318741551
m,e,1,1,5,0.0
d,é,0,0,4,0.22314355131420976
1,8,1,0,4,0.22314355131420976
e,?,0,0,5,0.0
p,h,1,0,3,0.5108256237659907
m,œ,0,0,1,1.6094379124341003
g,á,0,0,1,1.6094379124341003
n,r,0,0,5,0.0
d,a,1,0,5,0.0
o,p,1,0,5,0.0
n,è,0,0,1,1.6094379124341003
á,u,0,0,2,0.9162907318741551
h,n,0,1,2,0.9162907318741551
a,l,0,0,5,0.0
e,—,0,0,1,1.6094379124341003
é,.,0,1,3,0.5108256237659907
b,l,0,0,5,0.0
r,b,0,1,1,1.6094379124341003
á,s,1,0,1,1.6094379124341003
í,b,0,0,1,1.6094379124341003
c,l,0,0,5,0.0
l,ä,0,0,1,1.6094379124341003
ú,n,1,0,1,1.6094379124341003
t,ì,0,0,1,1.6094379124341003
c,',1,0,3,0.5108256237659907
b,é,0,1,2,0.9162907318741551
h,;,0,0,1,1.6094379124341003
0,0,0,1,4,0.22314355131420976
h,r,0,0,4,0.22314355131420976
a,s,1,1,3,0.5108256237659907
é,v,0,0,2,0.9162907318741551
s,h,1,0,3,0.5108256237659907
t,î,0,0,1,1.6094379124341003
’,t,1,0,1,1.6094379124341003
u,ì,0,1,1,1.6094379124341003
t,_,0,0,3,0.5108256237659907
4,1,0,1,1,1.6094379124341003
f,á,1,0,1,1.6094379124341003
g,m,0,0,5,0.0
i,n,0,1,5,0.0
t,c,1,0,1,1.6094379124341003
ú,c,0,0,1,1.6094379124341003
m,_,0,1,3,0.5108256237659907
ã,n,0,0,1,1.6094379124341003
e,-,1,0,1,1.6094379124341003
r,—,0,1,1,1.6094379124341003
d,ó,0,1,1,1.6094379124341003
á,z,0,0,1,1.6094379124341003
c,o,0,0,5,0.0
o,),0,1,4,0.22314355131420976
o,u,0,1,4,0.22314355131420976
y,a,1,1,1,1.6094379124341003
c,i,0,1,3,0.5108256237659907
i,h,0,0,1,1.6094379124341003
g,n,1,0,1,1.6094379124341003
l,e,0,0,5,0.0
3,2,0,1,1,1.6094379124341003
x,;,0,1,1,1.6094379124341003
h,y,0,1,1,1.6094379124341003
è,?,0,1,1,1.6094379124341003
t,d,0,0,1,1.6094379124341003
ó,s,0,0,2,0.9162907318741551
5,5,1,1,1,1.6094379124341003
o,t,1,0,3,0.5108256237659907
7,0,0,0,1,1.6094379124341003
z,-,0,0,3,0.5108256237659907
.,o,0,0,1,1.6094379124341003
y,o,0,1,2,0.9162907318741551
“,l,1,0,1,1.6094379124341003
ó,-,0,0,1,1.6094379124341003
_,b,0,0,1,1.6094379124341003
w,-,0,0,1,1.6094379124341003
k,.,0,1,2,0.9162907318741551
o,m,1,0,5,0.0
d,í,0,0,1,1.6094379124341003
l,ì,1,0,1,1.6094379124341003
¿,a,1,0,1,1.6094379124341003
á,),0,1,1,1.6094379124341003
r,î,0,0,2,0.9162907318741551
i,o,1,0,1,1.6094379124341003
ô,!,0,0,1,1.6094379124341003
f,s,0,1,2,0.9162907318741551
a,b,0,0,5,0.0
í,p,0,0,1,1.6094379124341003
s,"""",0,1,1,1.6094379124341003
g,ê,1,0,1,1.6094379124341003
d,â,0,0,1,1.6094379124341003
r,y,1,0,1,1.6094379124341003
.,e,0,1,1,1.6094379124341003
«,1,1,0,1,1.6094379124341003
t,h,0,0,4,0.22314355131420976
_,.,0,1,4,0.22314355131420976
t,g,0,0,1,1.6094379124341003
i,—,0,0,1,1.6094379124341003
ó,c,1,0,1,1.6094379124341003
l,:,0,1,4,0.22314355131420976
f,u,1,0,5,0.0
y,a,0,1,2,0.9162907318741551
d,m,0,0,4,0.22314355131420976
á,t,1,0,1,1.6094379124341003
l,ì,0,0,1,1.6094379124341003
2,6,0,1,1,1.6094379124341003
á,?,0,0,1,1.6094379124341003
‘,v,1,0,1,1.6094379124341003
ô,a,0,0,1,1.6094379124341003
j,é,1,0,1,1.6094379124341003
z,p,0,0,1,1.6094379124341003
-,r,0,0,5,0.0
d,nothing,1,1,1,1.6094379124341003
á,j,0,0,1,1.6094379124341003
¡,j,0,0,1,1.6094379124341003
r,m,0,0,5,0.0
7,?,0,1,1,1.6094379124341003
e,_,0,1,4,0.22314355131420976
o,j,1,0,1,1.6094379124341003
n,’,0,1,1,1.6094379124341003
¡,i,1,0,1,1.6094379124341003
_,u,0,0,1,1.6094379124341003
n,;,0,0,1,1.6094379124341003
i,z,0,0,5,0.0
d,e,0,1,5,0.0
m,è,1,0,2,0.9162907318741551
s,ò,0,0,1,1.6094379124341003
ó,_,0,1,1,1.6094379124341003
s,w,0,0,1,1.6094379124341003
z,?,0,1,3,0.5108256237659907
“,a,1,1,1,1.6094379124341003
c,.,1,1,1,1.6094379124341003
l,q,0,0,4,0.22314355131420976
v,í,0,1,1,1.6094379124341003
_,?,0,1,4,0.22314355131420976
.,!,0,1,2,0.9162907318741551
n,—,0,0,1,1.6094379124341003
c,l,1,0,5,0.0
m,.,1,1,2,0.9162907318741551
v,é,1,0,3,0.5108256237659907
l,à,1,1,2,0.9162907318741551
k,t,0,0,1,1.6094379124341003
v,ì,0,1,1,1.6094379124341003
b,á,1,0,1,1.6094379124341003
1,1,0,1,1,1.6094379124341003
f,-,0,0,2,0.9162907318741551
c,r,1,0,5,0.0
2,5,1,1,1,1.6094379124341003
é,!,0,0,2,0.9162907318741551
é,q,1,0,1,1.6094379124341003
s,m,0,1,1,1.6094379124341003
ú,n,0,1,1,1.6094379124341003
o,t,0,0,5,0.0
s,ù,1,0,1,1.6094379124341003
r,.,0,0,5,0.0
l,d,1,0,1,1.6094379124341003
s,õ,0,0,1,1.6094379124341003
¡,l,1,0,1,1.6094379124341003
5,.,1,0,1,1.6094379124341003
v,u,1,1,1,1.6094379124341003
8,8,0,0,1,1.6094379124341003
.,",",0,1,3,0.5108256237659907
h,m,0,0,3,0.5108256237659907
i,n,0,0,5,0.0
h,’,0,0,1,1.6094379124341003
x,t,0,0,4,0.22314355131420976
d,à,1,1,1,1.6094379124341003
s,ù,0,1,1,1.6094379124341003
f,ê,1,0,1,1.6094379124341003
1,3,0,1,1,1.6094379124341003
a,.,0,1,5,0.0
b,.,1,0,2,0.9162907318741551
j,á,1,0,1,1.6094379124341003
ã,.,0,1,1,1.6094379124341003
-,g,0,0,5,0.0
4,9,1,1,1,1.6094379124341003
a,i,1,1,3,0.5108256237659907
n,w,0,0,1,1.6094379124341003
p,o,0,1,3,0.5108256237659907
œ,u,1,0,1,1.6094379124341003
n,é,0,1,3,0.5108256237659907
é,t,0,0,2,0.9162907318741551
k,e,0,0,4,0.22314355131420976
c,è,1,0,1,1.6094379124341003
y,y,0,0,1,1.6094379124341003
a,o,0,1,2,0.9162907318741551
y,ô,0,1,1,1.6094379124341003
ô,m,0,0,1,1.6094379124341003
¡,a,1,1,1,1.6094379124341003
b,:,0,1,1,1.6094379124341003
b,r,1,0,5,0.0
o,i,1,0,4,0.22314355131420976
i,g,1,0,5,0.0
l,ó,0,1,1,1.6094379124341003
4,0,0,1,1,1.6094379124341003
i,v,1,1,4,0.22314355131420976
ç,o,0,1,1,1.6094379124341003
ó,m,0,0,2,0.9162907318741551
